wall_time,state,segment,yah_mag_x_lsb,yah_mag_y_lsb,yah_mag_z_lsb,neo_mag_x_ut,neo_mag_y_ut,neo_mag_z_ut
1789591933.136772,STATIC_1,1,610.0,12.0,3374.0,14.1968,-0.71106,-23.4009
1789591933.2432082,STATIC_1,1,596.0,22.0,3356.0,14.1724,-0.737762,-23.3276
1789591933.344226,STATIC_1,1,586.0,25.0,3359.0,14.2334,-0.763321,-23.2178
1789591933.4449573,STATIC_1,1,593.0,23.0,3363.0,14.1724,-0.733185,-23.2056
1789591933.5625966,STATIC_1,1,595.0,18.0,3353.0,14.2334,-0.786591,-23.1201
1789591933.6632233,STATIC_1,1,577.0,6.0,3363.0,14.1602,-0.791168,-23.4009
1789591933.7771137,STATIC_1,1,590.0,24.0,3339.0,14.2212,-0.813293,-23.0103
1789591933.881919,STATIC_1,1,575.0,31.0,3359.0,14.209,-0.737762,-23.2666
1789591933.9821415,STATIC_1,1,593.0,21.0,3347.0,14.1724,-0.577927,-22.937
1789591934.082231,STATIC_1,1,599.0,11.0,3325.0,14.2578,-0.728989,-23.1201
1789591934.1870155,STATIC_1,1,588.0,15.0,3344.0,14.1602,-0.5867,-22.8882
1789591934.287017,STATIC_1,1,609.0,10.0,3371.0,14.1846,-0.684357,-23.0347
1789591934.3870397,STATIC_1,1,595.0,12.0,3378.0,14.1724,-0.502396,-23.0835
1789591934.4870503,STATIC_1,1,595.0,20.0,3361.0,14.1479,-0.640106,-23.2666
1789591934.5871072,STATIC_1,1,613.0,11.0,3365.0,14.1846,-0.537872,-22.998
1789591934.6980941,STATIC_1,1,587.0,13.0,3340.0,14.1724,-0.673294,-23.0835
1789591934.7999058,STATIC_1,1,597.0,19.0,3356.0,14.209,-0.728989,-23.1567
1789591934.9000597,STATIC_1,1,596.0,17.0,3366.0,14.1724,-0.684357,-23.1812
1789591935.0002346,STATIC_1,1,606.0,5.0,3371.0,14.1724,-0.706482,-23.1445
1789591935.1192677,STATIC_1,1,603.0,8.0,3376.0,14.2212,-0.800323,-23.0835
1789591935.220168,STATIC_1,1,595.0,19.0,3364.0,14.1724,-0.764465,-23.1934
1789591935.3345773,STATIC_1,1,599.0,20.0,3357.0,14.2212,-0.733185,-23.1567
1789591935.4346519,STATIC_1,1,598.0,12.0,3348.0,14.1968,-0.751114,-23.23
1789591935.5354455,STATIC_1,1,579.0,13.0,3350.0,14.1724,-0.773239,-23.1812
1789591935.63646,STATIC_1,1,595.0,18.0,3371.0,14.209,-0.559998,-23.1323
1789591935.737994,STATIC_1,1,581.0,27.0,3358.0,14.1602,-0.706482,-23.23
1789591935.8380568,STATIC_1,1,589.0,17.0,3361.0,14.1968,-0.537872,-22.937
1789591935.93812,STATIC_1,1,602.0,9.0,3377.0,14.209,-0.719833,-23.0347
1789591936.0381799,STATIC_1,1,604.0,41.0,3355.0,14.1602,-0.511169,-22.9126
1789591936.1382089,STATIC_1,1,599.0,13.0,3357.0,14.2334,-0.737762,-23.1812
1789591936.244831,STATIC_1,1,606.0,24.0,3364.0,14.1602,-0.524521,-22.9858
1789591936.356694,STATIC_1,1,598.0,35.0,3348.0,14.2578,-0.795746,-23.0225
1789591936.457217,STATIC_1,1,603.0,14.0,3350.0,14.2212,-0.684357,-23.3032
1789591936.5762992,STATIC_1,1,607.0,14.0,3356.0,14.1968,-0.777817,-23.1567
1789591936.6771693,STATIC_1,1,597.0,21.0,3361.0,14.2212,-0.7267,-23.2544
1789591936.7772062,STATIC_1,1,580.0,13.0,3388.0,14.1724,-0.71106,-23.2666
1789591936.8868966,STATIC_1,1,593.0,23.0,3342.0,14.2456,-0.789642,-23.2666
1789591936.9870121,STATIC_1,1,598.0,24.0,3364.0,14.1724,-0.71106,-23.2666
1789591937.087056,STATIC_1,1,603.0,20.0,3352.0,14.1968,-0.893402,-23.2056
1789591937.1949103,STATIC_1,1,592.0,39.0,3366.0,14.2212,-0.684357,-23.2056
1789591937.295087,STATIC_1,1,590.0,28.0,3361.0,14.1479,-0.524521,-23.0469
1789591937.395175,STATIC_1,1,611.0,13.0,3369.0,14.2212,-0.769043,-23.1812
1789591937.50112,STATIC_1,1,613.0,14.0,3370.0,14.1846,-0.559998,-23.0591
1789591937.6118016,STATIC_1,1,589.0,23.0,3344.0,14.2212,-0.724411,-23.0835
1789591937.713777,STATIC_1,1,609.0,17.0,3348.0,14.209,-0.626755,-23.1201
1789591937.814178,STATIC_1,1,604.0,11.0,3379.0,14.1602,-0.644302,-23.1934
1789591937.9142277,STATIC_1,1,591.0,23.0,3363.0,14.209,-0.697708,-23.0591
1789591938.021943,STATIC_1,1,589.0,24.0,3373.0,14.1968,-0.684357,-23.23
1789591938.1329339,STATIC_1,1,596.0,28.0,3356.0,14.1724,-0.746536,-23.23
1789591938.233131,STATIC_1,1,606.0,24.0,3351.0,14.1968,-0.716782,-23.2788
1789591938.3331795,STATIC_1,1,603.0,22.0,3351.0,14.1724,-0.737762,-23.0469
1789591938.4335291,STATIC_1,1,603.0,9.0,3346.0,14.2212,-0.793457,-23.1812
1789591938.5335839,STATIC_1,1,606.0,2.0,3360.0,14.209,-0.697708,-23.23
1789591938.634079,STATIC_1,1,596.0,4.0,3343.0,14.1724,-0.749969,-23.2178
1789591938.734382,STATIC_1,1,606.0,12.0,3354.0,14.2212,-0.733185,-23.1812
1789591938.835574,STATIC_1,1,598.0,20.0,3355.0,14.1724,-0.619888,-23.1323
1789591943.516937,STATIC_2,2,-24.0,2949.0,3238.0,4.57458,-16.2598,-22.7417
1789591943.6213446,STATIC_2,2,-26.0,2955.0,3280.0,4.58984,-16.2476,-22.6929
1789591943.7222466,STATIC_2,2,-30.0,2969.0,3241.0,4.58374,-16.1011,-22.4487
1789591943.8222945,STATIC_2,2,-27.0,2980.0,3182.0,4.61426,-16.2964,-22.6074
1789591943.9338114,STATIC_2,2,-18.0,2965.0,3220.0,4.54712,-16.0278,-22.5098
1789591944.036938,STATIC_2,2,-13.0,2979.0,3225.0,4.6051,-16.2964,-22.6196
1789591944.1402624,STATIC_2,2,-26.0,2968.0,3094.0,4.52881,-16.0522,-22.3633
1789591944.2412605,STATIC_2,2,-9.0,2973.0,3122.0,4.61731,-16.3208,-22.7173
1789591944.356942,STATIC_2,2,-32.0,2967.0,3152.0,4.59595,-16.1255,-22.2778
1789591944.4596202,STATIC_2,2,-22.0,2966.0,3137.0,4.599,-16.2842,-22.7783
1789591944.560181,STATIC_2,2,-25.0,2981.0,3309.0,4.60815,-16.3818,-22.4854
1789591944.660217,STATIC_2,2,-36.0,2967.0,3288.0,4.62341,-16.2842,-22.7417
1789591944.7602513,STATIC_2,2,-26.0,2973.0,3362.0,4.63867,-16.4307,-22.6196
1789591944.8768182,STATIC_2,2,-24.0,2972.0,3307.0,4.61121,-16.3574,-22.8149
1789591944.9785314,STATIC_2,2,-33.0,2960.0,3310.0,4.599,-16.272,-22.7539
1789591945.0793073,STATIC_2,2,-32.0,2977.0,3305.0,4.64478,-16.333,-22.6807
1789591945.186826,STATIC_2,2,-27.0,2969.0,3367.0,4.599,-16.2842,-22.7661
1789591945.2978523,STATIC_2,2,-30.0,2980.0,3362.0,4.59595,-16.2476,-22.583
1789591945.398162,STATIC_2,2,-17.0,2970.0,3269.0,4.58069,-16.1987,-22.7417
1789591945.498208,STATIC_2,2,-24.0,2977.0,3257.0,4.54712,-16.2354,-22.4365
1789591945.5982244,STATIC_2,2,-17.0,2969.0,3230.0,4.60815,-16.2476,-22.6196
1789591945.6982262,STATIC_2,2,-28.0,2965.0,3298.0,4.56848,-16.1865,-22.6562
1789591945.8168254,STATIC_2,2,-25.0,2976.0,3255.0,4.60815,-16.272,-22.583
1789591945.916903,STATIC_2,2,-23.0,2978.0,3303.0,4.6051,-16.1865,-22.5708
1789591946.0172615,STATIC_2,2,-10.0,2970.0,3315.0,4.58374,-16.1621,-22.4854
1789591946.118171,STATIC_2,2,-31.0,2978.0,3331.0,4.62646,-16.3696,-22.6562
1789591946.2333786,STATIC_2,2,-6.0,2965.0,3273.0,4.6051,-16.1743,-22.7905
1789591946.333801,STATIC_2,2,-24.0,2960.0,3335.0,4.59595,-16.3208,-22.6074
1789591946.4344432,STATIC_2,2,-37.0,2972.0,3355.0,4.57764,-16.2231,-22.644
1789591946.5353048,STATIC_2,2,-10.0,2969.0,3292.0,4.60815,-16.2476,-22.644
1789591946.636157,STATIC_2,2,-27.0,2970.0,3294.0,4.58679,-16.2476,-22.5952
1789591946.7362576,STATIC_2,2,-27.0,2988.0,3161.0,4.57458,-16.2598,-22.6807
1789591946.8387978,STATIC_2,2,-28.0,2971.0,3124.0,4.599,-16.3452,-22.6074
1789591946.9544463,STATIC_2,2,-26.0,2962.0,3174.0,4.57764,-16.1011,-22.3633
1789591947.0552077,STATIC_2,2,-17.0,2968.0,3278.0,4.63257,-16.4062,-22.644
1789591947.1552138,STATIC_2,2,-30.0,2975.0,3259.0,4.59595,-16.1377,-22.4731
1789591947.2737243,STATIC_2,2,-36.0,2961.0,3229.0,4.61731,-16.2964,-22.7295
1789591947.3742654,STATIC_2,2,-17.0,2965.0,3329.0,4.60815,-16.1743,-22.4243
1789591947.4787588,STATIC_2,2,-26.0,2970.0,3373.0,4.63257,-16.2842,-22.9248
1789591947.5868158,STATIC_2,2,-3.0,2966.0,3308.0,4.5929,-16.1621,-22.4243
1789591947.6929624,STATIC_2,2,-16.0,2960.0,3307.0,4.60815,-16.272,-22.7295
1789591947.7931335,STATIC_2,2,-16.0,2969.0,3314.0,4.61731,-16.3086,-22.6562
1789591947.8932185,STATIC_2,2,-10.0,2969.0,3346.0,4.60815,-16.272,-22.7905
1789591947.9932365,STATIC_2,2,-13.0,2974.0,3331.0,4.57764,-16.2476,-22.6196
1789591953.082276,STATIC_3,3,-2490.0,4590.0,3391.0,-6.73218,-20.4834,-29.8828
1789591953.1866107,STATIC_3,3,-2493.0,4574.0,3441.0,-6.7749,-20.3247,-29.9805
1789591953.2866387,STATIC_3,3,-2480.0,4561.0,3350.0,-6.79321,-20.3125,-29.834
1789591953.4008143,STATIC_3,3,-2480.0,4590.0,3300.0,-6.78101,-20.2637,-29.7119
1789591953.5012712,STATIC_3,3,-2478.0,4580.0,3250.0,-6.81152,-20.3003,-29.8828
1789591953.6112967,STATIC_3,3,-2468.0,4579.0,3264.0,-6.7749,-20.2515,-29.7363
1789591953.7201054,STATIC_3,3,-2476.0,4582.0,3232.0,-6.84204,-20.2515,-29.6875
1789591953.8201056,STATIC_3,3,-2472.0,4568.0,3272.0,-6.84204,-20.105,-29.4434
1789591953.9202268,STATIC_3,3,-2495.0,4583.0,3302.0,-6.78711,-20.2759,-29.6387
1789591954.0202563,STATIC_3,3,-2491.0,4584.0,3300.0,-6.84204,-20.0562,-29.6631
1789591954.1202693,STATIC_3,3,-2504.0,4604.0,3236.0,-6.7688,-20.2515,-29.7852
1789591954.2203174,STATIC_3,3,-2490.0,4582.0,3225.0,-6.82983,-20.2515,-29.8096
1789591954.3333163,STATIC_3,3,-2486.0,4585.0,3261.0,-6.80542,-20.2515,-29.8828
1789591954.4337254,STATIC_3,3,-2506.0,4604.0,3237.0,-6.79321,-20.2393,-29.834
1789591954.5342548,STATIC_3,3,-2490.0,4585.0,3288.0,-6.86035,-20.2148,-29.7119
1789591954.63456,STATIC_3,3,-2477.0,4578.0,3318.0,-6.81763,-20.2393,-29.6387
1789591954.7350326,STATIC_3,3,-2483.0,4591.0,3354.0,-6.81152,-20.2637,-29.6143
1789591954.8376923,STATIC_3,3,-2481.0,4582.0,3291.0,-6.86035,-20.2148,-29.834
1789591954.9382858,STATIC_3,3,-2482.0,4584.0,3297.0,-6.81763,-20.2881,-29.5898
1789591955.0387185,STATIC_3,3,-2483.0,4573.0,3197.0,-6.84814,-20.0684,-29.5898
1789591955.1569781,STATIC_3,3,-2501.0,4566.0,3279.0,-6.75049,-20.3613,-29.9316
1789591955.2571468,STATIC_3,3,-2495.0,4590.0,3192.0,-6.84814,-20.1294,-29.6387
1789591955.3572476,STATIC_3,3,-2483.0,4597.0,3274.0,-6.82983,-20.3247,-29.8584
1789591955.4763114,STATIC_3,3,-2492.0,4587.0,3316.0,-6.82373,-20.1904,-29.6143
1789591955.5765376,STATIC_3,3,-2481.0,4587.0,3315.0,-6.85425,-20.2759,-30.0293
1789591955.6772568,STATIC_3,3,-2475.0,4591.0,3259.0,-6.86035,-20.0928,-29.6387
1789591955.7866135,STATIC_3,3,-2489.0,4579.0,3285.0,-6.82373,-20.2637,-29.7363
1789591955.8954244,STATIC_3,3,-2486.0,4567.0,3262.0,-6.88477,-20.2515,-29.6875
1789591955.9962857,STATIC_3,3,-2479.0,4587.0,3207.0,-6.81763,-20.2759,-29.7607
1789591956.1149862,STATIC_3,3,-2480.0,4575.0,3203.0,-6.89697,-20.2393,-29.6875
1789591956.2152438,STATIC_3,3,-2491.0,4582.0,3177.0,-6.83594,-20.2759,-29.834
1789591956.3152452,STATIC_3,3,-2503.0,4576.0,3134.0,-6.82373,-20.2759,-29.7363
1789591956.4158332,STATIC_3,3,-2497.0,4580.0,3238.0,-6.87256,-20.1904,-30.0293
1789591956.5332718,STATIC_3,3,-2498.0,4585.0,3329.0,-6.82983,-20.2637,-29.8584
1789591956.6338575,STATIC_3,3,-2505.0,4587.0,3220.0,-6.97021,-20.0928,-29.7363
1789591956.7343693,STATIC_3,3,-2499.0,4576.0,3150.0,-6.98853,-20.0073,-29.7852
1789591961.3452268,STATIC_4,4,-4903.0,4072.0,3749.0,-28.9551,-21.5942,-37.3047
1789591961.463552,STATIC_4,4,-4951.0,4072.0,3734.0,-29.4922,-21.4966,-36.792
1789591961.564281,STATIC_4,4,-5014.0,4077.0,3746.0,-30.0049,-21.2524,-35.9131
1789591961.6675265,STATIC_4,4,-5005.0,4075.0,3729.0,-29.9316,-21.4111,-36.2549
1789591961.7828858,STATIC_4,4,-5001.0,4080.0,3733.0,-29.9805,-21.2524,-35.9375
1789591961.88328,STATIC_4,4,-5020.0,4075.0,3739.0,-30.0293,-21.2769,-36.1084
1789591961.983357,STATIC_4,4,-5021.0,4072.0,3779.0,-30.0781,-21.2402,-35.8887
1789591962.086411,STATIC_4,4,-5010.0,4063.0,3788.0,-30.0781,-21.3867,-35.791
1789591962.1864245,STATIC_4,4,-5012.0,4075.0,3757.0,-30.1514,-21.1792,-35.6689
1789591962.3017027,STATIC_4,4,-5025.0,4076.0,3743.0,-30.0293,-21.3135,-35.9619
1789591962.4022782,STATIC_4,4,-5022.0,4089.0,3755.0,-30.1025,-21.3135,-36.0107
1789591962.5023155,STATIC_4,4,-5024.0,4087.0,3735.0,-30.0781,-21.3257,-36.0107
1789591962.6112,STATIC_4,4,-5028.0,4095.0,3694.0,-30.1025,-21.2524,-35.7178
1789591962.7208273,STATIC_4,4,-5023.0,4091.0,3768.0,-30.0781,-21.2891,-36.1084
1789591962.8213716,STATIC_4,4,-5036.0,4095.0,3823.0,-30.0537,-21.3135,-35.9619
1789591962.9328873,STATIC_4,4,-5015.0,4081.0,3826.0,-30.127,-21.3257,-35.9863
1789591963.0363383,STATIC_4,4,-5016.0,4072.0,3784.0,-30.1025,-21.3867,-35.8887
1789591963.1399202,STATIC_4,4,-5035.0,4067.0,3774.0,-30.0781,-21.2158,-35.8154
1789591963.2402732,STATIC_4,4,-5022.0,4087.0,3688.0,-30.127,-21.3257,-36.0352
1789591963.340315,STATIC_4,4,-5029.0,4074.0,3730.0,-30.0537,-21.167,-35.8887
1789591963.4403465,STATIC_4,4,-5027.0,4061.0,3728.0,-30.1025,-21.3745,-35.9863
1789591963.550139,STATIC_4,4,-5029.0,4084.0,3752.0,-30.127,-21.1426,-35.8887
1789591963.6588311,STATIC_4,4,-5013.0,4066.0,3752.0,-30.0537,-21.3501,-35.9619
1789591963.7593045,STATIC_4,4,-5022.0,4061.0,3762.0,-30.1514,-21.167,-35.7178
1789591963.8593478,STATIC_4,4,-5017.0,4055.0,3781.0,-30.0781,-21.3745,-35.8643
1789591963.978204,STATIC_4,4,-5011.0,4074.0,3770.0,-30.127,-21.3989,-35.9619
1789591964.0793402,STATIC_4,4,-5031.0,4069.0,3810.0,-30.0781,-21.3989,-36.0596
1789591964.186432,STATIC_4,4,-5008.0,4062.0,3748.0,-30.0537,-21.3501,-35.9863
1789591964.297474,STATIC_4,4,-5012.0,4064.0,3741.0,-30.1514,-21.3379,-36.0352
1789591964.3983142,STATIC_4,4,-5016.0,4065.0,3754.0,-30.0781,-21.3623,-35.8887
1789591964.498322,STATIC_4,4,-5027.0,4089.0,3724.0,-30.1025,-21.3501,-36.084
1789591964.611199,STATIC_4,4,-5014.0,4070.0,3733.0,-30.1025,-21.3135,-36.0352
1789591964.7134452,STATIC_4,4,-5017.0,4050.0,3684.0,-30.0781,-21.3257,-35.9863
1789591964.816475,STATIC_4,4,-5022.0,4060.0,3748.0,-30.127,-21.1792,-35.8643
1789591964.9173272,STATIC_4,4,-5004.0,4076.0,3711.0,-30.0537,-21.1426,-35.791
1789591965.0334933,STATIC_4,4,-5024.0,4076.0,3714.0,-30.1025,-21.1914,-35.6201
1789591965.1336257,STATIC_4,4,-5011.0,4071.0,3754.0,-30.1514,-21.1426,-35.6689
1789591965.2337887,STATIC_4,4,-5005.0,4081.0,3685.0,-30.127,-21.1304,-35.7666
1789591965.3338335,STATIC_4,4,-5022.0,4067.0,3630.0,-30.1758,-21.1304,-35.791
1789591965.4348037,STATIC_4,4,-5022.0,4067.0,3644.0,-30.127,-21.1548,-35.8887
1789591965.5350153,STATIC_4,4,-5025.0,4078.0,3726.0,-30.0781,-21.3257,-35.9131
1789591965.6352391,STATIC_4,4,-5025.0,4083.0,3607.0,-30.1025,-21.3745,-36.2061
1789591965.735299,STATIC_4,4,-5003.0,4061.0,3701.0,-30.0293,-21.3013,-35.9619
1789591965.8353066,STATIC_4,4,-5013.0,4083.0,3647.0,-30.127,-21.2646,-35.7178
1789591965.9540684,STATIC_4,4,-5019.0,4078.0,3632.0,-30.1025,-21.2524,-35.8398
1789591966.081776,STATIC_4,4,-5006.0,4074.0,3546.0,-30.0781,-21.3013,-35.9375
1789591966.1863573,STATIC_4,4,-5010.0,4058.0,3665.0,-30.0781,-21.3135,-35.9375
1789591966.2864087,STATIC_4,4,-5000.0,4062.0,3650.0,-30.0537,-21.2402,-35.791
1789591966.393159,STATIC_4,4,-5004.0,4073.0,3567.0,-30.1514,-21.1914,-35.6201
1789591966.49316,STATIC_4,4,-5027.0,4067.0,3601.0,-30.0781,-21.2891,-36.0107
1789591966.5932965,STATIC_4,4,-5019.0,4082.0,3700.0,-30.0781,-21.1792,-35.791
1789591966.6932998,STATIC_4,4,-5015.0,4069.0,3705.0,-30.127,-21.3013,-36.0107
1789591966.7933936,STATIC_4,4,-5013.0,4068.0,3682.0,-30.0781,-21.1792,-35.8887
1789591966.912038,STATIC_4,4,-5019.0,4075.0,3639.0,-30.0537,-21.3257,-36.0352
1789591967.012249,STATIC_4,4,-5021.0,4061.0,3709.0,-30.127,-21.106,-35.8643
1789591967.1123118,STATIC_4,4,-5013.0,4084.0,3620.0,-30.0293,-21.3623,-35.8398
1789591967.2123654,STATIC_4,4,-5018.0,4066.0,3633.0,-30.1025,-21.3501,-35.9863
1789591967.3160152,STATIC_4,4,-5012.0,4068.0,3652.0,-30.0781,-21.3379,-36.0352
1789591972.520637,STATIC_5,5,-6797.0,1590.0,3731.0,-41.8213,-1.61743,-33.0078
1789591972.621377,STATIC_5,5,-6800.0,1624.0,3736.0,-41.9678,-1.64032,-32.6904
1789591972.721378,STATIC_5,5,-6789.0,1626.0,3746.0,-41.9922,-1.67084,-32.9102
1789591972.8330526,STATIC_5,5,-6788.0,1609.0,3736.0,-41.9922,-1.57776,-32.6416
1789591972.9333487,STATIC_5,5,-6799.0,1622.0,3729.0,-41.9678,-1.75934,-32.9834
1789591973.0344126,STATIC_5,5,-6788.0,1613.0,3739.0,-41.9678,-1.56403,-32.7881
1789591973.1345804,STATIC_5,5,-6794.0,1606.0,3727.0,-41.9434,-1.74255,-32.8857
1789591973.234834,STATIC_5,5,-6809.0,1619.0,3746.0,-42.0166,-1.56021,-32.7637
1789591973.3353984,STATIC_5,5,-6796.0,1602.0,3724.0,-41.8701,-1.75629,-33.1543
1789591973.4361796,STATIC_5,5,-6788.0,1611.0,3732.0,-41.9678,-1.51978,-32.4951
1789591973.5384336,STATIC_5,5,-6810.0,1628.0,3712.0,-41.9678,-1.86157,-33.0078
1789591973.6393366,STATIC_5,5,-6786.0,1610.0,3738.0,-41.9434,-1.74255,-32.9102
1789591973.7448952,STATIC_5,5,-6788.0,1598.0,3733.0,-41.9678,-1.75934,-33.0322
1789591973.845012,STATIC_5,5,-6793.0,1609.0,3705.0,-41.9189,-1.70288,-33.0322
1789591973.9575572,STATIC_5,5,-6811.0,1615.0,3733.0,-41.9434,-1.75323,-32.9102
1789591974.0583227,STATIC_5,5,-6795.0,1620.0,3723.0,-42.0166,-1.86157,-33.1543
1789591974.158346,STATIC_5,5,-6798.0,1626.0,3751.0,-41.8701,-1.80664,-33.0322
1789591974.2769501,STATIC_5,5,-6791.0,1609.0,3753.0,-41.9922,-1.71509,-32.9102
1789591974.377326,STATIC_5,5,-6819.0,1635.0,3746.0,-41.9189,-1.72424,-32.959
1789591974.477334,STATIC_5,5,-6793.0,1618.0,3722.0,-41.9434,-1.50681,-32.666
1789591974.5773485,STATIC_5,5,-6801.0,1623.0,3729.0,-41.9678,-1.71051,-32.9834
1789591974.6862144,STATIC_5,5,-6811.0,1614.0,3680.0,-41.9434,-1.57318,-32.7881
1789591974.78622,STATIC_5,5,-6795.0,1635.0,3670.0,-42.0166,-1.67084,-32.7393
1789591974.8862307,STATIC_5,5,-6794.0,1618.0,3664.0,-42.041,-1.57776,-32.7393
1789591974.9862661,STATIC_5,5,-6803.0,1620.0,3723.0,-41.9434,-1.68915,-32.9102
1789591975.0952866,STATIC_5,5,-6797.0,1613.0,3663.0,-41.9678,-1.66626,-32.7637
1789591975.1963832,STATIC_5,5,-6815.0,1624.0,3717.0,-41.8945,-1.70288,-32.959
1789591975.296538,STATIC_5,5,-6799.0,1611.0,3712.0,-41.9922,-1.66321,-32.959
1789591975.414645,STATIC_5,5,-6798.0,1604.0,3722.0,-41.9434,-1.70593,-32.959
1789591975.5153663,STATIC_5,5,-6785.0,1608.0,3718.0,-41.8945,-1.66321,-33.0078
1789591975.6166155,STATIC_5,5,-6804.0,1610.0,3727.0,-41.9434,-1.74713,-32.7393
1789591975.7327669,STATIC_5,5,-6791.0,1606.0,3728.0,-41.9434,-1.77612,-32.959
1789591975.8333461,STATIC_5,5,-6807.0,1611.0,3734.0,-41.9434,-1.72882,-32.8857
1789591975.9334207,STATIC_5,5,-6794.0,1605.0,3712.0,-41.9678,-1.75934,-33.0078
1789591976.0343897,STATIC_5,5,-6804.0,1604.0,3710.0,-41.9434,-1.6983,-32.666
1789591976.1344035,STATIC_5,5,-6798.0,1615.0,3742.0,-41.9678,-1.6037,-32.7393
1789591976.2347574,STATIC_5,5,-6814.0,1618.0,3746.0,-41.9922,-1.6449,-32.959
1789591976.3354795,STATIC_5,5,-6791.0,1620.0,3716.0,-41.8945,-1.59149,-32.7637
1789591976.4460218,STATIC_5,5,-6796.0,1631.0,3695.0,-41.9922,-1.6571,-32.8369
1789591976.5522463,STATIC_5,5,-6812.0,1616.0,3718.0,-41.8945,-1.8219,-33.0322
1789591976.653345,STATIC_5,5,-6801.0,1628.0,3709.0,-41.9434,-1.6983,-32.7881
1789591976.7718298,STATIC_5,5,-6801.0,1613.0,3708.0,-41.9434,-1.77307,-32.9834
1789591976.8723924,STATIC_5,5,-6792.0,1619.0,3690.0,-41.8945,-1.78375,-32.9102
1789591976.97912,STATIC_5,5,-6807.0,1625.0,3717.0,-42.0166,-1.76392,-32.8369
1789591977.0862155,STATIC_5,5,-6817.0,1614.0,3730.0,-41.8945,-1.89972,-33.1299
1789591977.1908414,STATIC_5,5,-6813.0,1618.0,3725.0,-41.8945,-1.76849,-32.9346
1789591977.2913778,STATIC_5,5,-6815.0,1616.0,3744.0,-41.9678,-1.80359,-33.0566
1789591977.3913884,STATIC_5,5,-6816.0,1620.0,3740.0,-41.9434,-1.7868,-32.9346
1789591977.4991817,STATIC_5,5,-6809.0,1617.0,3723.0,-41.8945,-1.75629,-33.1055
1789591977.6099775,STATIC_5,5,-6809.0,1626.0,3723.0,-41.9434,-1.68915,-33.0078
1789591977.7103052,STATIC_5,5,-6809.0,1626.0,3734.0,-41.9678,-1.48468,-32.6904
1789591977.8103669,STATIC_5,5,-6809.0,1634.0,3725.0,-41.9678,-1.67084,-32.8857
1789591977.9292498,STATIC_5,5,-6797.0,1607.0,3712.0,-41.9189,-1.46255,-32.7148
1789591978.0303662,STATIC_5,5,-6803.0,1613.0,3746.0,-41.9434,-1.62201,-32.8857
1789591978.1330872,STATIC_5,5,-6784.0,1609.0,3739.0,-42.0166,-1.53351,-32.5684
1789591978.233749,STATIC_5,5,-6794.0,1614.0,3747.0,-41.8945,-1.63727,-32.9346
1789591978.3343005,STATIC_5,5,-6789.0,1620.0,3717.0,-41.9434,-1.40915,-32.7148
1789591978.4344866,STATIC_5,5,-6791.0,1607.0,3723.0,-41.9434,-1.67694,-33.0322
1789591983.856615,STATIC_6,6,-6381.0,-1284.0,3473.0,-32.3242,17.2607,-30.6641
1789591983.957364,STATIC_6,6,-6393.0,-1277.0,3466.0,-32.2998,17.1875,-30.7373
1789591984.0573647,STATIC_6,6,-6372.0,-1285.0,3423.0,-32.3242,17.2363,-30.6641
1789591984.1759465,STATIC_6,6,-6375.0,-1276.0,3456.0,-32.3975,17.3584,-30.4932
1789591984.276392,STATIC_6,6,-6380.0,-1290.0,3444.0,-32.3486,17.2974,-30.7373
1789591984.376395,STATIC_6,6,-6382.0,-1300.0,3441.0,-32.3242,17.395,-30.5664
1789591984.4860027,STATIC_6,6,-6402.0,-1291.0,3444.0,-32.3486,17.2363,-30.6885
1789591984.5930946,STATIC_6,6,-6396.0,-1297.0,3419.0,-32.3486,17.395,-30.4443
1789591984.6948192,STATIC_6,6,-6380.0,-1291.0,3447.0,-32.3486,17.2363,-30.5908
1789591984.7953467,STATIC_6,6,-6370.0,-1289.0,3434.0,-32.3242,17.3828,-30.4688
1789591984.895406,STATIC_6,6,-6394.0,-1282.0,3447.0,-32.3486,17.2485,-30.5664
1789591984.995998,STATIC_6,6,-6401.0,-1286.0,3451.0,-32.3486,17.1631,-30.6641
1789591985.1138685,STATIC_6,6,-6377.0,-1290.0,3470.0,-32.2998,17.1265,-30.835
1789591985.2143972,STATIC_6,6,-6375.0,-1281.0,3442.0,-32.3486,17.2363,-30.6396
1789591985.3144019,STATIC_6,6,-6377.0,-1298.0,3463.0,-32.3486,17.2241,-30.6396
1789591985.433098,STATIC_6,6,-6381.0,-1293.0,3473.0,-32.3242,17.2363,-30.6396
1789591985.5333312,STATIC_6,6,-6377.0,-1300.0,3469.0,-32.3486,17.1997,-30.8105
1789591985.6334314,STATIC_6,6,-6380.0,-1291.0,3441.0,-32.2998,17.1997,-30.6152
1789591985.7334833,STATIC_6,6,-6378.0,-1293.0,3457.0,-32.373,17.3218,-30.5176
1789591985.8338184,STATIC_6,6,-6369.0,-1285.0,3450.0,-32.373,17.4561,-30.3467
1789591985.934538,STATIC_6,6,-6366.0,-1292.0,3442.0,-32.3486,17.3096,-30.5664
1789591986.0371552,STATIC_6,6,-6370.0,-1290.0,3448.0,-32.3975,17.4927,-30.3223
1789591986.1373494,STATIC_6,6,-6386.0,-1302.0,3456.0,-32.3242,17.1997,-30.5908
1789591986.2382693,STATIC_6,6,-6376.0,-1289.0,3461.0,-32.373,17.3706,-30.3955
1789591986.3510985,STATIC_6,6,-6372.0,-1293.0,3439.0,-32.2998,17.1997,-30.7617
1789591986.4513793,STATIC_6,6,-6385.0,-1293.0,3455.0,-32.3242,17.1387,-30.6885
1789591986.551455,STATIC_6,6,-6383.0,-1288.0,3466.0,-32.3242,17.2852,-30.4932
1789591986.6703715,STATIC_6,6,-6392.0,-1289.0,3444.0,-32.3242,17.1509,-30.7129
1789591986.771452,STATIC_6,6,-6384.0,-1294.0,3452.0,-32.2998,17.1875,-30.6152
1789591986.8791049,STATIC_6,6,-6383.0,-1279.0,3443.0,-32.3486,17.1997,-30.6396
1789591986.9859776,STATIC_6,6,-6383.0,-1288.0,3435.0,-32.3486,17.1631,-30.542
1789591987.0894237,STATIC_6,6,-6374.0,-1294.0,3463.0,-32.3242,17.1143,-30.6152
1789591987.1904197,STATIC_6,6,-6388.0,-1292.0,3448.0,-32.3486,17.1875,-30.7129
1789591987.3089693,STATIC_6,6,-6392.0,-1301.0,3450.0,-32.3486,17.2485,-30.5908
1789591987.4093838,STATIC_6,6,-6380.0,-1293.0,3453.0,-32.3975,17.4561,-30.4443
1789591987.5094295,STATIC_6,6,-6390.0,-1276.0,3469.0,-32.3242,17.1753,-30.8838
1789591987.610662,STATIC_6,6,-6371.0,-1312.0,3449.0,-32.373,17.4194,-30.5908
1789591987.7204833,STATIC_6,6,-6387.0,-1301.0,3438.0,-32.3242,17.2241,-30.6396
1789591987.8278418,STATIC_6,6,-6393.0,-1273.0,3435.0,-32.3486,17.4072,-30.4199
1789591987.928371,STATIC_6,6,-6367.0,-1296.0,3456.0,-32.373,17.2607,-30.6152
1789591988.0283787,STATIC_6,6,-6377.0,-1290.0,3439.0,-32.3486,17.3462,-30.4688
1789591988.1284113,STATIC_6,6,-6374.0,-1296.0,3459.0,-32.3242,17.1631,-30.4932
1789591988.2347198,STATIC_6,6,-6387.0,-1290.0,3426.0,-32.3486,17.1265,-30.6641
1789591988.3356,STATIC_6,6,-6377.0,-1286.0,3433.0,-32.3486,17.1875,-30.6641
1789591988.436241,STATIC_6,6,-6380.0,-1288.0,3453.0,-32.2998,17.3096,-30.7861
1789591988.5364277,STATIC_6,6,-6372.0,-1290.0,3446.0,-32.3486,17.1875,-30.5908
1789591988.63654,STATIC_6,6,-6382.0,-1296.0,3432.0,-32.3242,17.1875,-30.6396
1789591988.7372608,STATIC_6,6,-6381.0,-1303.0,3457.0,-32.3486,17.2729,-30.542
1789591988.8422358,STATIC_6,6,-6377.0,-1304.0,3466.0,-32.3486,17.2241,-30.6396
1789591988.9454827,STATIC_6,6,-6367.0,-1299.0,3468.0,-32.3242,17.1997,-30.5908
1789591989.045721,STATIC_6,6,-6377.0,-1286.0,3458.0,-32.3486,17.3462,-30.4932
1789591989.1464336,STATIC_6,6,-6368.0,-1276.0,3468.0,-32.3486,17.1875,-30.7617
1789591989.2648613,STATIC_6,6,-6389.0,-1297.0,3450.0,-32.373,17.3584,-30.4443
1789591989.365399,STATIC_6,6,-6386.0,-1285.0,3457.0,-32.3242,17.2852,-30.542
1789591989.4834464,STATIC_6,6,-6388.0,-1287.0,3436.0,-32.3242,17.3096,-30.542
1789591989.584195,STATIC_6,6,-6386.0,-1295.0,3438.0,-32.3486,17.334,-30.6396
1789591989.6844664,STATIC_6,6,-6392.0,-1291.0,3445.0,-32.2998,17.2729,-30.6152
1789591995.2333941,STATIC_7,7,-3780.0,-2803.0,3686.0,-9.91821,24.9756,-29.2725
1789591995.3346705,STATIC_7,7,-3793.0,-2797.0,3679.0,-9.95483,25.0488,-29.1016
1789591995.4358585,STATIC_7,7,-3784.0,-2784.0,3681.0,-9.92432,25.1221,-29.1016
1789591995.5379298,STATIC_7,7,-3783.0,-2781.0,3664.0,-9.96094,25.2197,-29.0527
1789591995.6381361,STATIC_7,7,-3789.0,-2795.0,3669.0,-9.96704,25.0732,-28.8818
1789591995.7383754,STATIC_7,7,-3789.0,-2806.0,3699.0,-9.96704,25.2197,-28.9795
1789591995.8455083,STATIC_7,7,-3781.0,-2786.0,3679.0,-9.96704,25.0488,-29.1992
1789591995.9504993,STATIC_7,7,-3781.0,-2798.0,3660.0,-9.95483,25.0732,-29.0771
1789591996.0514095,STATIC_7,7,-3789.0,-2778.0,3676.0,-9.93042,25.0244,-29.1504
1789591996.151491,STATIC_7,7,-3798.0,-2778.0,3697.0,-9.98535,25.0732,-29.126
1789591996.259139,STATIC_7,7,-3786.0,-2783.0,3690.0,-9.93652,25.0488,-29.126
1789591996.3697054,STATIC_7,7,-3785.0,-2782.0,3676.0,-9.91821,24.9268,-29.126
1789591996.470427,STATIC_7,7,-3795.0,-2787.0,3672.0,-9.98535,25.0977,-29.1748
1789591996.5756729,STATIC_7,7,-3799.0,-2790.0,3686.0,-9.96704,25.0488,-28.9795
1789591996.6857822,STATIC_7,7,-3793.0,-2801.0,3673.0,-10.0708,25.0732,-29.1748
1789591996.8032546,STATIC_7,7,-3814.0,-2805.0,3661.0,-10.2051,25.1221,-28.9551
1789591996.9086573,STATIC_7,7,-3836.0,-2819.0,3651.0,-10.1807,25.1221,-29.0527
1789591997.0094082,STATIC_7,7,-3818.0,-2805.0,3639.0,-10.144,25.1221,-28.9551
1789591997.1094115,STATIC_7,7,-3808.0,-2806.0,3668.0,-10.1074,25.2686,-28.8818
1789591997.2197738,STATIC_7,7,-3825.0,-2807.0,3682.0,-10.0952,25.0244,-29.126
1789591997.3277383,STATIC_7,7,-3807.0,-2823.0,3668.0,-10.1013,25.3174,-28.833
1789591997.4284217,STATIC_7,7,-3817.0,-2804.0,3652.0,-10.0647,25.0488,-29.2236
1789591997.528467,STATIC_7,7,-3815.0,-2802.0,3662.0,-10.0891,25.2441,-28.9062
1789591997.6313193,STATIC_7,7,-3813.0,-2823.0,3663.0,-10.0159,25.0732,-29.0771
1789591997.7333598,STATIC_7,7,-3797.0,-2793.0,3639.0,-10.0342,25.2686,-28.7354
1789591997.8343008,STATIC_7,7,-3794.0,-2803.0,3650.0,-10.0647,25.0977,-29.0283
1789591997.9354503,STATIC_7,7,-3802.0,-2797.0,3654.0,-10.0281,25.1221,-29.0527
1789591998.0392907,STATIC_7,7,-3804.0,-2794.0,3667.0,-10.0708,25.0732,-29.0039
1789591998.1407108,STATIC_7,7,-3802.0,-2815.0,3705.0,-10.0769,25.0732,-29.0527
1789591998.2445407,STATIC_7,7,-3805.0,-2812.0,3683.0,-10.0098,25.0488,-29.2969
1789591998.3457558,STATIC_7,7,-3806.0,-2785.0,3654.0,-10.0281,25.0244,-29.126
1789591998.4464247,STATIC_7,7,-3802.0,-2804.0,3673.0,-10.022,25.1221,-29.1016
1789591998.5464554,STATIC_7,7,-3802.0,-2790.0,3646.0,-10.0159,25.0244,-29.1748
1789591998.6619697,STATIC_7,7,-3807.0,-2786.0,3654.0,-10.0525,25.0977,-29.1504
1789591998.764909,STATIC_7,7,-3808.0,-2797.0,3676.0,-10.0281,25.2197,-28.7598
1789591998.8654115,STATIC_7,7,-3800.0,-2785.0,3685.0,-10.022,25.1709,-28.833
1789591998.9654706,STATIC_7,7,-3789.0,-2794.0,3661.0,-10.0525,25.2441,-28.8086
1789591999.0755873,STATIC_7,7,-3782.0,-2785.0,3661.0,-9.98535,25.0,-29.1016
1789591999.1838746,STATIC_7,7,-3803.0,-2795.0,3660.0,-10.0464,25.1221,-29.0283
1789591999.2844636,STATIC_7,7,-3801.0,-2812.0,3666.0,-10.0281,25.1221,-28.9795
1789591999.3845909,STATIC_7,7,-3807.0,-2811.0,3657.0,-10.0037,25.0977,-29.248
1789591999.4855573,STATIC_7,7,-3797.0,-2802.0,3680.0,-10.0281,25.0732,-29.1016
1789591999.6031752,STATIC_7,7,-3791.0,-2807.0,3674.0,-9.99756,25.0977,-29.1504
1789591999.7034135,STATIC_7,7,-3805.0,-2800.0,3673.0,-10.0464,25.0244,-28.9551
1789591999.803459,STATIC_7,7,-3800.0,-2789.0,3692.0,-10.0525,25.0977,-29.1016
1789591999.9035058,STATIC_7,7,-3793.0,-2800.0,3664.0,-9.99756,25.0977,-29.0771
1789592000.0223734,STATIC_7,7,-3791.0,-2815.0,3662.0,-10.0342,25.1221,-29.0771
1789592000.1234357,STATIC_7,7,-3803.0,-2788.0,3693.0,-10.0037,25.0732,-28.9795
1789592000.2245064,STATIC_7,7,-3812.0,-2797.0,3673.0,-10.0037,25.0488,-29.2969
1789592000.332226,STATIC_7,7,-3792.0,-2808.0,3626.0,-10.1501,25.3174,-28.833
1789592000.4328744,STATIC_7,7,-3798.0,-2810.0,3667.0,-9.99756,25.0977,-29.126
1789592000.5332007,STATIC_7,7,-3803.0,-2802.0,3657.0,-10.0464,25.2197,-28.9795
1789592000.6333964,STATIC_7,7,-3812.0,-2807.0,3647.0,-10.0586,25.0488,-29.126
1789592000.7334394,STATIC_7,7,-3789.0,-2814.0,3653.0,-10.0525,25.2686,-28.6865
1789592006.0357342,STATIC_8,8,-1211.0,-2436.0,3438.0,7.55005,16.4429,-23.4009
1789592006.135966,STATIC_8,8,-1216.0,-2446.0,3448.0,7.4646,16.4673,-23.5352
1789592006.2363837,STATIC_8,8,-1224.0,-2438.0,3470.0,7.49512,16.4917,-23.4985
1789592006.3490424,STATIC_8,8,-1207.0,-2455.0,3463.0,7.50732,16.4917,-23.5718
1789592006.4494054,STATIC_8,8,-1219.0,-2430.0,3451.0,7.51953,16.4917,-23.5474
1789592006.5494485,STATIC_8,8,-1224.0,-2435.0,3469.0,7.53174,16.4795,-23.7427
1789592006.6494489,STATIC_8,8,-1238.0,-2436.0,3444.0,7.48901,16.4307,-23.5962
1789592006.7555315,STATIC_8,8,-1237.0,-2442.0,3477.0,7.48291,16.3574,-23.4375
1789592006.8679166,STATIC_8,8,-1233.0,-2441.0,3465.0,7.50732,16.5649,-23.4741
1789592006.9684412,STATIC_8,8,-1221.0,-2440.0,3458.0,7.47681,16.4551,-23.5962
1789592007.0684626,STATIC_8,8,-1231.0,-2434.0,3463.0,7.49512,16.5039,-23.291
1789592007.1684952,STATIC_8,8,-1229.0,-2436.0,3482.0,7.49512,16.4307,-23.5718
1789592007.2770665,STATIC_8,8,-1207.0,-2432.0,3436.0,7.48901,16.5039,-23.3643
1789592007.3854659,STATIC_8,8,-1223.0,-2433.0,3441.0,7.52563,16.2964,-23.4741
1789592007.4865792,STATIC_8,8,-1228.0,-2460.0,3456.0,7.4646,16.4429,-23.5107
1789592007.58744,STATIC_8,8,-1228.0,-2422.0,3448.0,7.53174,16.3452,-23.6328
1789592007.7060914,STATIC_8,8,-1216.0,-2442.0,3455.0,7.47681,16.4062,-23.6328
1789592007.8064737,STATIC_8,8,-1212.0,-2432.0,3424.0,7.49512,16.4551,-23.5718
1789592007.9064896,STATIC_8,8,-1227.0,-2436.0,3444.0,7.53174,16.4673,-23.8037
1789592008.0254245,STATIC_8,8,-1224.0,-2459.0,3461.0,7.4585,16.5527,-23.4741
1789592008.1265173,STATIC_8,8,-1206.0,-2455.0,3444.0,7.52563,16.4673,-23.5352
1789592008.2328835,STATIC_8,8,-1210.0,-2445.0,3487.0,7.50122,16.4673,-23.5596
1789592008.3337567,STATIC_8,8,-1216.0,-2448.0,3451.0,7.44019,16.5039,-23.5596
1789592008.4353292,STATIC_8,8,-1230.0,-2438.0,3463.0,7.50122,16.7114,-23.2422
1789592008.5353878,STATIC_8,8,-1222.0,-2443.0,3455.0,7.48291,16.5161,-23.5718
1789592008.6359334,STATIC_8,8,-1197.0,-2451.0,3447.0,7.4585,16.7358,-23.2788
1789592008.7439592,STATIC_8,8,-1205.0,-2442.0,3445.0,7.51343,16.4917,-23.6206
1789592008.844454,STATIC_8,8,-1206.0,-2445.0,3441.0,7.44019,16.6504,-23.3765
1789592008.957472,STATIC_8,8,-1192.0,-2439.0,3469.0,7.51343,16.4795,-23.5352
1789592009.0632782,STATIC_8,8,-1204.0,-2443.0,3458.0,7.4646,16.5894,-23.6694
1789592009.163432,STATIC_8,8,-1220.0,-2444.0,3471.0,7.51343,16.4185,-23.584
1789592009.2634366,STATIC_8,8,-1214.0,-2450.0,3448.0,7.53174,16.394,-23.6206
1789592009.3634446,STATIC_8,8,-1236.0,-2435.0,3432.0,7.48291,16.4062,-23.645
1789592009.4634619,STATIC_8,8,-1222.0,-2440.0,3422.0,7.51343,16.3818,-23.5596
1789592009.5634627,STATIC_8,8,-1228.0,-2439.0,3457.0,7.53174,16.3208,-23.5718
1789592009.678318,STATIC_8,8,-1234.0,-2435.0,3448.0,7.50732,16.4429,-23.6328
1789592009.7818553,STATIC_8,8,-1226.0,-2438.0,3454.0,7.52563,16.4551,-23.5962
1789592009.882495,STATIC_8,8,-1212.0,-2452.0,3466.0,7.49512,16.5039,-23.584
1789592009.9853837,STATIC_8,8,-1215.0,-2453.0,3425.0,7.4707,16.4917,-23.4863
1789592010.0854053,STATIC_8,8,-1230.0,-2471.0,3450.0,7.53174,16.6138,-23.3765
1789592010.1992536,STATIC_8,8,-1218.0,-2452.0,3459.0,7.50732,16.5039,-23.5718
1789592010.3007848,STATIC_8,8,-1228.0,-2437.0,3442.0,7.43408,16.687,-23.4009
1789592010.4014852,STATIC_8,8,-1223.0,-2440.0,3452.0,7.48291,16.626,-23.4375
1789592010.519295,STATIC_8,8,-1223.0,-2444.0,3466.0,7.43408,16.7114,-23.3032
1789592010.6201942,STATIC_8,8,-1214.0,-2441.0,3444.0,7.50732,16.6016,-23.3887
1789592010.7204304,STATIC_8,8,-1227.0,-2418.0,3443.0,7.48291,16.4673,-23.5596
1789592010.8204699,STATIC_8,8,-1225.0,-2446.0,3423.0,7.4707,16.5283,-23.4985
1789592010.9319458,STATIC_8,8,-1219.0,-2453.0,3471.0,7.51953,16.4795,-23.6206
1789592011.037344,STATIC_8,8,-1214.0,-2449.0,3442.0,7.50122,16.5283,-23.7427
1789592011.1374173,STATIC_8,8,-1214.0,-2437.0,3459.0,7.51953,16.4673,-23.5718
1789592011.2388973,STATIC_8,8,-1215.0,-2445.0,3454.0,7.51343,16.4673,-23.5596
1789592011.3395033,STATIC_8,8,-1234.0,-2457.0,3439.0,7.4707,16.4795,-23.5352
1789592011.4407516,STATIC_8,8,-1210.0,-2447.0,3471.0,7.50732,16.4673,-23.5107
1789592011.5582578,STATIC_8,8,-1212.0,-2446.0,3474.0,7.48901,16.4185,-23.5107
1789592011.6584156,STATIC_8,8,-1219.0,-2447.0,3459.0,7.47681,16.5649,-23.3276
1789592011.758463,STATIC_8,8,-1231.0,-2430.0,3456.0,7.55005,16.5039,-23.4619
1789592011.8585083,STATIC_8,8,-1206.0,-2439.0,3449.0,7.43408,16.626,-23.3398
1789592011.96166,STATIC_8,8,-1219.0,-2443.0,3446.0,7.48291,16.5405,-23.3887
1789592012.0753553,STATIC_8,8,-1230.0,-2451.0,3473.0,7.50732,16.5649,-23.4375
1789592012.1770892,STATIC_8,8,-1234.0,-2458.0,3446.0,7.45239,16.4795,-23.6938
1789592012.2774527,STATIC_8,8,-1217.0,-2442.0,3424.0,7.48291,16.6138,-23.3154
1789592016.768471,STATIC_9,9,365.0,-208.0,3606.0,13.1104,-0.920105,-23.5229
1789592016.868495,STATIC_9,9,352.0,-210.0,3595.0,13.1836,-1.13297,-23.6572
1789592016.9853702,STATIC_9,9,346.0,-194.0,3585.0,13.147,-0.902557,-23.7061
1789592017.0868206,STATIC_9,9,347.0,-186.0,3612.0,13.1348,-1.18332,-23.6816
1789592017.187,STATIC_9,9,344.0,-202.0,3600.0,13.1348,-1.02692,-23.4619
1789592017.287112,STATIC_9,9,357.0,-198.0,3600.0,13.1836,-1.12991,-23.5718
1789592017.387522,STATIC_9,9,344.0,-195.0,3586.0,13.1348,-1.05362,-23.6084
1789592017.4876714,STATIC_9,9,358.0,-199.0,3592.0,13.1836,-1.04904,-23.645
1789592017.6062257,STATIC_9,9,368.0,-191.0,3606.0,13.147,-1.04446,-23.6816
1789592017.7064023,STATIC_9,9,359.0,-203.0,3609.0,13.1714,-1.07574,-23.6328
1789592017.8065395,STATIC_9,9,348.0,-199.0,3617.0,13.147,-1.08032,-23.8159
1789592017.9256122,STATIC_9,9,349.0,-204.0,3621.0,13.1104,-1.04904,-23.7915
1789592018.0264845,STATIC_9,9,357.0,-199.0,3605.0,13.1836,-1.07346,-23.5718
1789592018.1265163,STATIC_9,9,374.0,-200.0,3587.0,13.1104,-0.915527,-23.4985
1789592018.2328756,STATIC_9,9,376.0,-205.0,3594.0,13.1226,-1.12305,-23.6328
1789592018.3337662,STATIC_9,9,359.0,-190.0,3600.0,13.147,-0.89798,-23.5229
1789592018.4342914,STATIC_9,9,360.0,-208.0,3595.0,13.1348,-1.05972,-23.4863
1789592018.5347238,STATIC_9,9,364.0,-204.0,3615.0,13.1348,-0.933075,-23.3765
1789592018.6349475,STATIC_9,9,358.0,-205.0,3595.0,13.147,-1.03531,-23.6816
1789592018.7360623,STATIC_9,9,361.0,-189.0,3598.0,13.1348,-0.91095,-23.4253
1789592018.8365967,STATIC_9,9,366.0,-201.0,3602.0,13.147,-1.13297,-23.6206
1789592018.9368706,STATIC_9,9,347.0,-202.0,3575.0,13.147,-1.09329,-23.877
1789592019.0374675,STATIC_9,9,342.0,-214.0,3627.0,13.1592,-1.06659,-23.6084
1789592019.138767,STATIC_9,9,367.0,-207.0,3595.0,13.147,-1.12,-23.7061
1789592019.2429552,STATIC_9,9,368.0,-200.0,3609.0,13.1836,-1.10703,-23.584
1789592019.3435268,STATIC_9,9,366.0,-202.0,3591.0,13.147,-1.16882,-23.5962
1789592019.4460392,STATIC_9,9,365.0,-191.0,3607.0,13.1714,-1.09787,-23.7305
1789592019.5623868,STATIC_9,9,350.0,-207.0,3632.0,13.1592,-1.12,-23.6938
1789592019.6623986,STATIC_9,9,347.0,-196.0,3631.0,13.2324,-1.16882,-23.7061
1789592019.7624633,STATIC_9,9,368.0,-176.0,3634.0,13.147,-0.884247,-23.6694
1789592019.8625202,STATIC_9,9,355.0,-173.0,3596.0,13.1348,-1.08871,-23.7793
1789592019.9752822,STATIC_9,9,345.0,-194.0,3592.0,13.1226,-0.910187,-23.3643
1789592020.0812776,STATIC_9,9,358.0,-204.0,3583.0,13.1348,-1.12,-23.6938
1789592020.1814036,STATIC_9,9,356.0,-213.0,3596.0,13.147,-0.906372,-23.3765
1789592020.2815058,STATIC_9,9,353.0,-192.0,3596.0,13.1836,-1.08871,-23.6816
1789592020.3815234,STATIC_9,9,354.0,-210.0,3612.0,13.1226,-0.879669,-23.1934
1789592020.4851563,STATIC_9,9,377.0,-205.0,3613.0,13.1958,-1.09329,-23.6572
1789592020.6002324,STATIC_9,9,367.0,-195.0,3605.0,13.147,-0.978088,-23.7305
1789592020.7003894,STATIC_9,9,359.0,-208.0,3590.0,13.1592,-1.11542,-23.5229
1789592020.800636,STATIC_9,9,355.0,-196.0,3575.0,13.1836,-1.07117,-23.6938
1789592020.919676,STATIC_9,9,354.0,-196.0,3597.0,13.147,-1.08871,-23.6084
1789592021.020492,STATIC_9,9,361.0,-191.0,3621.0,13.1714,-1.05362,-23.7549
