t_s,phase,cmd_erpm,actual_erpm,gnss_vx,gnss_vy,gnss_vz,gnss_speed_xy,odom_x,odom_y,estop,ready,feedback
0.040243233000182954,baseline,0,0.0,-0.058,-0.014,-0.041,0.059665735560705195,1.0809957875861251,0.0,False,True,True
0.08084576700002799,baseline,0,0.0,-0.058,-0.014,-0.041,0.059665735560705195,1.0809957875861251,0.0,False,True,True
0.12377455299974827,baseline,0,0.0,-0.021,0.018,-0.025,0.02765863337187866,1.0809957875861251,0.0,False,True,True
0.16415720999975747,baseline,0,0.0,-0.021,0.018,-0.025,0.02765863337187866,1.0809957875861251,0.0,False,True,True
0.20512479599983635,baseline,0,0.0,-0.013,-0.034,-0.029,0.03640054944640259,1.0809957875861251,0.0,False,True,True
0.2604698669993013,baseline,0,0.0,-0.013,-0.034,-0.029,0.03640054944640259,1.0809957875861251,0.0,False,True,True
0.3028812579996156,baseline,0,0.0,-0.049,0.031,0.046,0.0579827560572969,1.0809957875861251,0.0,False,True,True
0.34371405399997457,baseline,0,0.0,-0.049,0.031,0.046,0.0579827560572969,1.0809957875861251,0.0,False,True,True
0.3839029049995588,baseline,0,0.0,-0.049,0.031,0.046,0.0579827560572969,1.0809957875861251,0.0,False,True,True
0.4243319289998908,baseline,0,0.0,0.017,-0.033,-0.026,0.037121422386541175,1.0809957875861251,0.0,False,True,True
0.4649242819996289,baseline,0,0.0,0.017,-0.033,-0.026,0.037121422386541175,1.0809957875861251,0.0,False,True,True
0.519996541999717,baseline,0,0.0,-0.047,-0.006,0.018,0.04738143096192853,1.0809957875861251,0.0,False,True,True
0.5639093069994487,baseline,0,0.0,-0.047,-0.006,0.018,0.04738143096192853,1.0809957875861251,0.0,False,True,True
0.6199262989994168,baseline,0,0.0,-0.029,0.025,-0.016,0.038288379438153296,1.0809957875861251,0.0,False,True,True
0.6606007569998837,baseline,0,0.0,-0.029,0.025,-0.016,0.038288379438153296,1.0809957875861251,0.0,False,True,True
0.7038205729995752,baseline,0,0.0,0.031,-0.001,-0.007,0.031016124838541645,1.0809957875861251,0.0,False,True,True
0.7440911759995288,baseline,0,0.0,0.031,-0.001,-0.007,0.031016124838541645,1.0809957875861251,0.0,False,True,True
0.7950768430000608,baseline,0,0.0,-0.013,-0.025,-0.009,0.028178005607210743,1.0809957875861251,0.0,False,True,True
0.8399716289995922,baseline,0,0.0,-0.013,-0.025,-0.009,0.028178005607210743,1.0809957875861251,0.0,False,True,True
0.880332228000043,baseline,0,0.0,-0.013,-0.025,-0.009,0.028178005607210743,1.0809957875861251,0.0,False,True,True
0.9237438860000111,baseline,0,0.0,-0.066,-0.008,-0.017,0.06648308055437865,1.0809957875861251,0.0,False,True,True
0.9645061849996637,baseline,0,0.0,-0.066,-0.008,-0.017,0.06648308055437865,1.0809957875861251,0.0,False,True,True
1.0050964100000783,baseline,0,0.0,-0.001,0.018,-0.001,0.018027756377319945,1.0809957875861251,0.0,False,True,True
1.0602623819995642,baseline,0,0.0,-0.001,0.018,-0.001,0.018027756377319945,1.0809957875861251,0.0,False,True,True
1.1005144900000232,baseline,0,0.0,-0.012,0.004,0.002,0.012649110640673518,1.0809957875861251,0.0,False,True,True
1.1444484529993133,baseline,0,0.0,-0.012,0.004,0.002,0.012649110640673518,1.0809957875861251,0.0,False,True,True
1.1932513550000294,baseline,0,0.0,0.022,-0.016,0.033,0.027202941017470887,1.0809957875861251,0.0,False,True,True
1.2399236209994342,baseline,0,0.0,0.022,-0.016,0.033,0.027202941017470887,1.0809957875861251,0.0,False,True,True
1.2819691499998953,baseline,0,0.0,0.022,-0.016,0.033,0.027202941017470887,1.0809957875861251,0.0,False,True,True
1.323753441000008,baseline,0,0.0,-0.034,-0.014,0.033,0.03676955262170047,1.0809957875861251,0.0,False,True,True
1.3812646739997945,baseline,0,0.0,-0.034,-0.014,0.033,0.03676955262170047,1.0809957875861251,0.0,False,True,True
1.423871457000132,baseline,0,0.0,-0.009,0.007,0.029,0.011401754250991379,1.0809957875861251,0.0,False,True,True
1.4819366389992865,baseline,0,0.0,-0.009,0.007,0.029,0.011401754250991379,1.0809957875861251,0.0,False,True,True
1.5242323299999043,baseline,0,0.0,0.011,-0.015,-0.069,0.018601075237738275,1.0809957875861251,0.0,False,True,True
1.5818067549998887,baseline,0,0.0,0.011,-0.015,-0.069,0.018601075237738275,1.0809957875861251,0.0,False,True,True
1.6242271000000983,baseline,0,0.0,-0.001,0.025,0.038,0.02501999200639361,1.0809957875861251,0.0,False,True,True
1.6831429429994387,baseline,0,0.0,-0.001,0.025,0.038,0.02501999200639361,1.0809957875861251,0.0,False,True,True
1.7239501829999426,baseline,0,0.0,0.025,0.003,0.075,0.025179356624028343,1.0809957875861251,0.0,False,True,True
1.7807511569999406,baseline,0,0.0,0.025,0.003,0.075,0.025179356624028343,1.0809957875861251,0.0,False,True,True
1.824006422999446,baseline,0,0.0,-0.037,-0.019,-0.063,0.04159326868617084,1.0809957875861251,0.0,False,True,True
1.8804809349994684,baseline,0,0.0,-0.037,-0.019,-0.063,0.04159326868617084,1.0809957875861251,0.0,False,True,True
1.9247367729994949,baseline,0,0.0,-0.007,-0.009,0.041,0.011401754250991379,1.0809957875861251,0.0,False,True,True
1.9816798849997213,baseline,0,0.0,-0.007,-0.009,0.041,0.011401754250991379,1.0809957875861251,0.0,False,True,True
2.0235241959999257,baseline,0,0.0,-0.025,0.018,0.004,0.030805843601498725,1.0809957875861251,0.0,False,True,True
5.050005711382255e-07,run,-1000.0,0.0,-0.025,0.018,0.004,0.030805843601498725,1.0809957875861251,0.0,False,True,True
0.057788150000305905,run,-1000.0,0.0,0.015,-0.008,-0.103,0.017,1.0809957875861251,0.0,False,True,True
0.10132988300028956,run,-1000.0,0.0,0.015,-0.008,-0.103,0.017,1.0809957875861251,0.0,False,True,True
0.1575658060000933,run,-1000.0,0.0,-0.036,0.004,0.063,0.03622154055254966,1.0809957875861251,0.0,False,True,True
0.20102820900046936,run,-1000.0,-291.0,-0.036,0.004,0.063,0.03622154055254966,1.0809957875861251,0.0,False,True,True
0.2567818180004906,run,-1000.0,-264.0,-0.007,-0.044,0.034,0.044553338819890924,1.0788798332805,0.0,False,True,True
0.29717545400035306,run,-1000.0,-344.0,-0.007,-0.044,0.034,0.044553338819890924,1.077349194777125,0.0,False,True,True
0.33750198600046133,run,-1000.0,-495.0,-0.015,-0.138,-0.05,0.1388128236151113,1.075166626255625,0.0,False,True,True
0.3811330859998634,run,-1000.0,-529.0,-0.015,-0.138,-0.05,0.1388128236151113,1.072681431918125,0.0,False,True,True
0.4364862460006407,run,-1000.0,-620.0,-0.018,-0.133,-0.047,0.13421251804507656,1.069767578037375,0.0,False,True,True
0.4771582720004517,run,-1000.0,-680.0,-0.018,-0.133,-0.047,0.13421251804507656,1.06510631746075,0.0,False,True,True
0.5217869409998457,run,-1000.0,-730.0,0.049,-0.162,0.013,0.16924833824885846,1.0615846272575,0.0,False,True,True
0.577472078000028,run,-1000.0,-808.0,0.049,-0.162,0.013,0.16924833824885846,1.056098484819625,0.0,False,True,True
0.6211332910006604,run,-1000.0,-829.0,0.049,-0.162,0.013,0.16924833824885846,1.0519232336056252,0.0,False,True,True
0.661653398999988,run,-1000.0,-820.0,-0.018,-0.164,0.045,0.16498484778912276,1.0478059017905004,0.0,False,True,True
0.716461807000087,run,-1000.0,-903.0,-0.018,-0.164,0.045,0.16498484778912276,1.0436069175680003,0.0,False,True,True
0.7568198990002202,run,-1000.0,-909.0,-0.022,-0.194,0.028,0.1952434377898525,1.0368136094592502,0.0,False,True,True
0.797026606000145,run,-1000.0,-898.0,-0.022,-0.194,0.028,0.1952434377898525,1.0321511685023752,0.0,False,True,True
0.8403507650000392,run,-1000.0,-981.0,-0.035,-0.192,-0.003,0.1951640335717624,1.0275628173726252,0.0,False,True,True
0.8825363740006651,run,-1000.0,-993.0,-0.035,-0.192,-0.003,0.1951640335717624,1.0226121394158754,0.0,False,True,True
0.9226798959998632,run,-1000.0,-987.0,-0.038,-0.209,-0.005,0.21242645786248002,1.0177241625880002,0.0,False,True,True
0.9705781020002178,run,-1000.0,-1111.0,-0.038,-0.209,-0.005,0.21242645786248002,1.0125549250471253,0.0,False,True,True
1.0164472590004152,run,-1000.0,-1118.0,-0.038,-0.209,-0.005,0.21242645786248002,1.0070939714001255,0.0,False,True,True
1.0588937100001203,run,-1000.0,-1167.0,-0.031,-0.293,-0.048,0.2946353678701863,0.9985014644185005,0.0,False,True,True
1.1019349810003405,run,-1000.0,-1259.0,-0.031,-0.293,-0.048,0.2946353678701863,0.9924437658152505,0.0,False,True,True
1.1571478209998531,run,-1000.0,-1212.0,-0.067,-0.256,0.008,0.2646223724479848,0.9832462188770006,0.0,False,True,True
1.19777870300004,run,-1000.0,-1300.0,-0.067,-0.256,0.008,0.2646223724479848,0.9769796800826256,0.0,False,True,True
1.2411212730003172,run,-1000.0,-1259.0,-0.058,-0.277,-0.018,0.28300706704957035,0.9705140338176256,0.0,False,True,True
1.2848512290001963,run,-1000.0,-1300.0,-0.058,-0.277,-0.018,0.28300706704957035,0.9641811521833756,0.0,False,True,True
1.3364655280001898,run,-1000.0,-1269.0,-0.078,-0.275,-0.011,0.2858478616327224,0.9576731352746256,0.0,False,True,True
1.3766931410000325,run,-1000.0,-1290.0,-0.078,-0.275,-0.011,0.2858478616327224,0.9480797973667506,0.0,False,True,True
1.4169972919999054,run,-1000.0,-1240.0,-0.078,-0.275,-0.011,0.2858478616327224,0.9449646533042506,0.0,False,True,True
1.4576885570004379,run,-1000.0,-1250.0,-0.032,-0.291,-0.027,0.29275416307885355,0.9355621319137506,0.0,False,True,True
1.5014346940006362,run,-1000.0,-1240.0,-0.032,-0.291,-0.027,0.29275416307885355,0.9293366584750006,0.0,False,True,True
1.5583458990004146,run,-1000.0,-1203.0,-0.052,-0.279,-0.03,0.28380451018262554,0.9201041048321256,0.0,False,True,True
1.6025244880001992,run,-1000.0,-1212.0,-0.052,-0.279,-0.03,0.28380451018262554,0.9140996169468756,0.0,False,True,True
1.6567078510006468,run,-1000.0,-1194.0,-0.081,-0.225,-0.04,0.23913594460055562,0.9050083188701256,0.0,False,True,True
1.6973878580001838,run,-1000.0,-1185.0,-0.081,-0.225,-0.04,0.23913594460055562,0.8991708897810006,0.0,False,True,True
1.7399835590003931,run,-1000.0,-1159.0,0.007,-0.277,0.042,0.27708843353702084,0.8932693889013755,0.0,False,True,True
1.7819805970002562,run,-1000.0,-1159.0,0.007,-0.277,0.042,0.27708843353702084,0.8874914135972506,0.0,False,True,True
1.8364256510003543,run,-1000.0,-1134.0,-0.07,-0.296,0.018,0.30416442921551495,0.8817013647267506,0.0,False,True,True
1.8768459580005583,run,-1000.0,-1134.0,-0.07,-0.296,0.018,0.30416442921551495,0.8731732257427507,0.0,False,True,True
1.9216469339999094,run,-1000.0,-1126.0,-0.07,-0.296,0.018,0.30416442921551495,0.8675007267505007,0.0,False,True,True
1.9622321450005984,run,-1000.0,-1118.0,-0.046,-0.205,0.042,0.21009759636892564,0.8616562297123757,0.0,False,True,True
2.0029511800003093,run,-1000.0,-1111.0,-0.046,-0.205,0.042,0.21009759636892564,0.8563793336602507,0.0,False,True,True
2.0567453780004143,run,-1000.0,-1118.0,-0.015,-0.276,-0.018,0.2764073081522991,0.8479782302245006,0.0,False,True,True
2.0973309510000036,run,-1000.0,-1088.0,-0.015,-0.276,-0.018,0.2764073081522991,0.8425416220497506,0.0,False,True,True
2.1403772990006473,run,-1000.0,-1111.0,-0.041,-0.217,0.057,0.22083930809527547,0.8370745531537507,0.0,False,True,True
2.181695801999922,run,-1000.0,-1081.0,-0.041,-0.217,0.057,0.22083930809527547,0.8315547620997507,0.0,False,True,True
2.236497965000126,run,-1000.0,-1103.0,-0.041,-0.217,0.057,0.22083930809527547,0.8261077711501256,0.0,False,True,True
2.2792755450000186,run,-1000.0,-1126.0,-0.048,-0.261,0.108,0.265377090194312,0.8178848011073756,0.0,False,True,True
2.322200323999823,run,-1000.0,-1230.0,0.041,-0.259,0.071,0.2622250941462316,0.8122220373758756,0.0,False,True,True
2.3696860150002976,run,-1000.0,-1300.0,0.041,-0.259,0.071,0.2622250941462316,0.8057507972101257,0.0,False,True,True
2.4164884250003524,run,-1000.0,-1167.0,0.041,-0.259,0.071,0.2622250941462316,0.7996040011981257,0.0,False,True,True
2.4567615350006236,run,-1000.0,-1259.0,0.015,-0.331,0.059,0.3313397048347813,0.7905317763662507,0.0,False,True,True
2.4973852020002596,run,-1000.0,-1259.0,0.015,-0.331,0.059,0.3313397048347813,0.7839665485656258,0.0,False,True,True
2.540785195999888,run,-1000.0,-1290.0,0.097,-0.311,-0.049,0.3257759966602819,0.7775880869367509,0.0,False,True,True
2.5821299409999483,run,-1000.0,-1269.0,0.097,-0.311,-0.049,0.3257759966602819,0.771238353040876,0.0,False,True,True
2.636426381000092,run,-1000.0,-1176.0,-0.108,-0.249,-0.076,0.2714129694764051,0.764992420519876,0.0,False,True,True
2.676648876999934,run,-1000.0,-1176.0,-0.108,-0.249,-0.076,0.2714129694764051,0.7562332894661261,0.0,False,True,True
2.716937311000038,run,-1000.0,-1118.0,-0.108,-0.249,-0.076,0.2714129694764051,0.7532986761341262,0.0,False,True,True
2.7572009250006886,run,-1000.0,-1045.0,0.047,-0.206,0.07,0.21129363454680786,0.7477821569861262,0.0,False,True,True
2.7974182570005723,run,-1000.0,-1025.0,0.047,-0.206,0.07,0.21129363454680786,0.7401310180047511,0.0,False,True,True
2.840281071999925,run,-1000.0,-952.0,0.034,-0.195,0.04,0.1979419106707824,0.7350928159548761,0.0,False,True,True
2.882898169999862,run,-1000.0,-946.0,0.034,-0.195,0.04,0.1979419106707824,0.730345359387876,0.0,False,True,True
2.9364872940004716,run,-1000.0,-963.0,-0.077,-0.168,0.025,0.1848053029542172,0.725526955002501,0.0,False,True,True
2.9766894880003747,run,-1000.0,-946.0,-0.077,-0.168,0.025,0.1848053029542172,0.718405819390501,0.0,False,True,True
3.0169825240000137,run,-1000.0,-935.0,-0.077,-0.168,0.025,0.1848053029542172,0.7137252898217509,0.0,False,True,True
3.0573749380000663,run,-1000.0,-946.0,0.009,-0.219,0.02,0.21918485349129396,0.7090243548220008,0.0,False,True,True
3.102387773999908,run,-1000.0,-946.0,0.009,-0.219,0.02,0.21918485349129396,0.7043416666923757,0.0,False,True,True
3.1566656400000284,run,-1000.0,-941.0,-0.015,-0.149,0.036,0.14975313018431366,0.6996198946772507,0.0,False,True,True
3.197747580000396,run,-1000.0,-930.0,-0.015,-0.149,0.036,0.14975313018431366,0.6925533920452508,0.0,False,True,True
3.2408590630002436,run,-1000.0,-930.0,-0.052,-0.167,0.02,0.17490854753270352,0.6878185681402509,0.0,False,True,True
3.282480263999787,run,-1000.0,-824.0,-0.052,-0.167,0.02,0.17490854753270352,0.6833170603518759,0.0,False,True,True
3.3364783000006355,run,-1000.0,-637.0,0.049,-0.087,-0.01,0.09984988733093292,0.6794642575111259,0.0,False,True,True
3.3766563320004934,run,-1000.0,-666.0,0.049,-0.087,-0.01,0.09984988733093292,0.6746686488556259,0.0,False,True,True
3.4169625559998167,run,-1000.0,-695.0,0.049,-0.087,-0.01,0.09984988733093292,0.6711338199581259,0.0,False,True,True
3.457466874000602,run,-1000.0,-720.0,-0.007,-0.142,0.026,0.1421724305201258,0.667904827350626,0.0,False,True,True
3.5028836060000685,run,-1000.0,-689.0,-0.007,-0.142,0.026,0.1421724305201258,0.664358139158626,0.0,False,True,True
3.5566935710003236,run,-1000.0,-780.0,-0.048,-0.196,0.059,0.20179197209007102,0.660769043893001,0.0,False,True,True
3.596945942000275,run,-1000.0,-824.0,-0.048,-0.196,0.059,0.20179197209007102,0.6549433579483759,0.0,False,True,True
3.639187755000421,run,-1000.0,-776.0,0.0,-0.196,0.035,0.196,0.6507258270801259,0.0,False,True,True
3.681336446000387,run,-1000.0,-869.0,0.0,-0.196,0.035,0.196,0.6468634079781259,0.0,False,True,True
3.7214762630001132,run,-1000.0,-888.0,0.0,-0.196,0.035,0.196,0.642294500276126,0.0,False,True,True
3.7629451780003365,run,-1000.0,-869.0,-0.039,-0.217,0.032,0.22047675614449702,0.637933479037751,0.0,False,True,True
3.8165471950005667,run,-1000.0,-1012.0,-0.039,-0.217,0.032,0.22047675614449702,0.633249691396251,0.0,False,True,True
3.856838933999825,run,-1000.0,-914.0,0.034,-0.225,0.004,0.22755438910291315,0.6260349867275009,0.0,False,True,True
3.8973171860006914,run,-1000.0,-1103.0,0.034,-0.225,0.004,0.22755438910291315,0.620951966446376,0.0,False,True,True
3.940359248000277,run,-1000.0,-1066.0,0.041,-0.266,0.018,0.26914122686797726,0.615393208221126,0.0,False,True,True
3.9827915100004248,run,-1000.0,-1052.0,0.041,-0.266,0.018,0.26914122686797726,0.610255997764626,0.0,False,True,True
4.036414485000023,run,-1000.0,-1103.0,0.013,-0.271,0.038,0.2713116289435453,0.604866222750126,0.0,False,True,True
4.077958541000044,run,-1000.0,-1095.0,0.013,-0.271,0.038,0.2713116289435453,0.596593383866001,0.0,False,True,True
4.121813071999895,run,-1000.0,-1111.0,0.013,-0.271,0.038,0.2713116289435453,0.5911400205305011,0.0,False,True,True
4.162283903000571,run,-1000.0,-1095.0,-0.03,-0.272,0.034,0.27364941074301624,0.5855807638185011,0.0,False,True,True
4.216730216000542,run,-1000.0,-1081.0,-0.03,-0.272,0.034,0.27364941074301624,0.5773837037653761,0.0,False,True,True
4.256980771000599,run,-1000.0,-1081.0,-0.101,-0.218,-0.028,0.24026027553467927,0.571936190862751,0.0,False,True,True
4.297497907000434,run,-1000.0,-1095.0,-0.101,-0.218,-0.028,0.24026027553467927,0.566471994663126,0.0,False,True,True
4.340431258000535,run,-1000.0,-1088.0,-0.083,-0.346,-0.078,0.35581596366661233,0.5609812904468761,0.0,False,True,True
4.382104760000402,run,-1000.0,-1194.0,-0.083,-0.346,-0.078,0.35581596366661233,0.555466800333376,0.0,False,True,True
4.436514054000327,run,-1000.0,-1344.0,0.001,-0.334,-0.1,0.3340014970026332,0.549244827912126,0.0,False,True,True
4.476810655000008,run,-1000.0,-1259.0,0.001,-0.334,-0.1,0.3340014970026332,0.539425569498251,0.0,False,True,True
4.517175795000185,run,-1000.0,-1322.0,0.001,-0.334,-0.1,0.3340014970026332,0.532973208548251,0.0,False,True,True
4.561557699000332,run,-1000.0,-1240.0,-0.111,-0.262,-0.011,0.2845434940391363,0.526466460060751,0.0,False,True,True
4.603747654000472,run,-1000.0,-1240.0,-0.111,-0.262,-0.011,0.2845434940391363,0.5202548180090011,0.0,False,True,True
4.656455276000088,run,-1000.0,-1167.0,-0.093,-0.253,-0.002,0.2695514793133215,0.5141182675147511,0.0,False,True,True
4.6968139260006865,run,-1000.0,-1194.0,-0.093,-0.253,-0.002,0.2695514793133215,0.5052786688837511,0.0,False,True,True
4.73705801000051,run,-1000.0,-1111.0,0.003,-0.206,0.048,0.2060218435020908,0.5024434301767511,0.0,False,True,True
4.777425263000623,run,-1000.0,-1073.0,0.003,-0.206,0.048,0.2060218435020908,0.49438109893837606,0.0,False,True,True
4.821501062000607,run,-1000.0,-1103.0,0.003,-0.206,0.048,0.2060218435020908,0.4889132621237511,0.0,False,True,True
4.861662973000421,run,-1000.0,-1045.0,0.036,-0.285,-0.05,0.28726468630863766,0.4833480243257511,0.0,False,True,True
4.901955987999827,run,-1000.0,-987.0,0.036,-0.285,-0.05,0.28726468630863766,0.4782987941065011,0.0,False,True,True
4.956479088999913,run,-1000.0,-1052.0,-0.086,-0.2,-0.049,0.21770622407271686,0.4733191861892511,0.0,False,True,True
4.999431353000546,run,-1000.0,-969.0,-0.086,-0.2,-0.049,0.21770622407271686,0.4654551256925011,0.0,False,True,True
5.040346169999793,run,-1000.0,-914.0,-0.033,-0.174,-0.021,0.1771016657177453,0.46073409425937606,0.0,False,True,True
5.082015801000125,run,-1000.0,-987.0,-0.033,-0.174,-0.021,0.1771016657177453,0.45604470757087606,0.0,False,True,True
5.136452353000095,run,-1000.0,-958.0,-0.018,-0.158,0.007,0.15902201105507377,0.4511491140945011,0.0,False,True,True
5.176658402000612,run,-1000.0,-914.0,-0.018,-0.158,0.007,0.15902201105507377,0.4463828434052511,0.0,False,True,True
5.217083161000119,run,-1000.0,-975.0,-0.018,-0.158,0.007,0.15902201105507377,0.4394792992155011,0.0,False,True,True
5.262652422999963,run,-1000.0,-946.0,0.043,-0.161,-0.04,0.1666433316997713,0.43464918831037613,0.0,False,True,True
5.302921591000086,run,-1000.0,-930.0,0.043,-0.161,-0.04,0.1666433316997713,0.4299579067586261,0.0,False,True,True
5.356480104000184,run,-1000.0,-946.0,-0.049,-0.248,-0.03,0.2527943828489866,0.4252798112823761,0.0,False,True,True
5.397122416999991,run,-1000.0,-952.0,-0.049,-0.248,-0.03,0.2527943828489866,0.4181390351453761,0.0,False,True,True
5.440907543000321,run,-1000.0,-958.0,0.047,-0.254,-0.083,0.2583118270617898,0.4132877792813761,0.0,False,True,True
5.482619733999854,run,-1000.0,-975.0,0.047,-0.254,-0.083,0.2583118270617898,0.4085468132040011,0.0,False,True,True
5.536467154000093,run,-1000.0,-969.0,-0.05,-0.182,0.002,0.18874321179846443,0.4037024101275011,0.0,False,True,True
5.5772652030000245,run,-1000.0,-1006.0,-0.05,-0.182,0.002,0.18874321179846443,0.3963623538153761,0.0,False,True,True
5.621297018000405,run,-1000.0,-1019.0,-0.05,-0.182,0.002,0.18874321179846443,0.3912999721136261,0.0,False,True,True
5.6616124910005965,run,-1000.0,-1038.0,0.023,-0.263,0.029,0.264003787851614,0.3861658089682511,0.0,False,True,True
5.703303603000677,run,-1000.0,-1025.0,0.023,-0.263,0.029,0.264003787851614,0.3810636240672511,0.0,False,True,True
5.756494394000583,run,-1000.0,-987.0,0.053,-0.214,0.031,0.2204654167891191,0.37588854051725107,0.0,False,True,True
5.797143218000201,run,-1000.0,-981.0,0.053,-0.214,0.031,0.2204654167891191,0.36847375088462603,0.0,False,True,True
5.840372888999809,run,-1000.0,-975.0,-0.111,-0.231,-0.071,0.2562849976100825,0.36353570405275104,0.0,False,True,True
5.883099190000394,run,-1000.0,-981.0,-0.111,-0.231,-0.071,0.2562849976100825,0.35865218980525104,0.0,False,True,True
5.936637056000109,run,-1000.0,-969.0,-0.01,-0.214,-0.063,0.21423351745233518,0.353721159467126,0.0,False,True,True
5.977433228999871,run,-1000.0,-963.0,-0.01,-0.214,-0.063,0.21423351745233518,0.346357711752251,0.0,False,True,True
6.021398918000159,run,-1000.0,-993.0,-0.01,-0.214,-0.063,0.21423351745233518,0.341510338745501,0.0,False,True,True
6.061600746000295,run,-1000.0,-993.0,0.002,-0.235,-0.064,0.235008510484195,0.33656722932062605,0.0,False,True,True
6.116702387999794,run,-1000.0,-969.0,0.002,-0.235,-0.064,0.235008510484195,0.32920172140975107,0.0,False,True,True
6.15697488800015,run,-1000.0,-987.0,-0.052,-0.213,-0.012,0.2192555586524547,0.3267324732872511,0.0,False,True,True
6.197117835000427,run,-1000.0,-981.0,-0.052,-0.213,-0.012,0.2192555586524547,0.31943910943037607,0.0,False,True,True
6.239159753000422,run,-1000.0,-969.0,-0.019,-0.226,-0.05,0.22679726629745783,0.314570199843251,0.0,False,True,True
6.281649319999815,run,-1000.0,-969.0,-0.019,-0.226,-0.05,0.22679726629745783,0.30968686474975105,0.0,False,True,True
6.336567891999948,run,-1000.0,-963.0,-0.003,-0.159,0.003,0.15902829936838286,0.30489018877975105,0.0,False,True,True
6.376947472000211,run,-1000.0,-958.0,-0.003,-0.159,0.003,0.15902829936838286,0.30006088978162604,0.0,False,True,True
6.417837355999836,run,-1000.0,-963.0,-0.003,-0.159,0.003,0.15902829936838286,0.292872072634001,0.0,False,True,True
6.461693701000513,run,-1000.0,-941.0,-0.016,-0.184,-0.05,0.18469434208984312,0.28809786340187604,0.0,False,True,True
6.502016004999859,run,-1000.0,-909.0,-0.016,-0.184,-0.05,0.18469434208984312,0.28347724768925103,0.0,False,True,True
6.556516764000662,run,-1000.0,-842.0,-0.043,-0.149,-0.031,0.1550806241927082,0.27900102282425104,0.0,False,True,True
6.596848081000644,run,-1000.0,-888.0,-0.043,-0.149,-0.031,0.1550806241927082,0.27273033036675104,0.0,False,True,True
6.641190699000617,run,-1000.0,-869.0,0.065,-0.171,0.008,0.18293714767646294,0.26833035285662604,0.0,False,True,True
6.682100369000182,run,-1000.0,-874.0,0.065,-0.171,0.008,0.18293714767646294,0.26404622683487605,0.0,False,True,True
6.736505599999873,run,-1000.0,-898.0,-0.02,-0.246,-0.056,0.24681166909204272,0.259663894768751,0.0,False,True,True
6.77679002000059,run,-1000.0,-888.0,-0.02,-0.246,-0.056,0.24681166909204272,0.255204234295126,0.0,False,True,True
6.817028299999947,run,-1000.0,-969.0,-0.02,-0.246,-0.056,0.24681166909204272,0.248260550047876,0.0,False,True,True
6.861095649000163,run,-1000.0,-981.0,0.015,-0.199,-0.016,0.19956452590578316,0.243395504620501,0.0,False,True,True
6.901739678000013,run,-1000.0,-993.0,0.015,-0.199,-0.016,0.19956452590578316,0.238538773294126,0.0,False,True,True
6.956489867000528,run,-1000.0,-1006.0,-0.038,-0.198,-0.01,0.20161349161204467,0.23350417772350102,0.0,False,True,True
6.997304651000377,run,-1000.0,-1000.0,-0.038,-0.198,-0.01,0.20161349161204467,0.22580182635575102,0.0,False,True,True
7.039744097000039,run,-1000.0,-1032.0,-0.055,-0.241,0.023,0.24719627828913604,0.220751337588126,0.0,False,True,True
7.082282119999945,run,-1000.0,-1032.0,-0.055,-0.241,0.023,0.24719627828913604,0.215553581166876,0.0,False,True,True
7.136588616000154,run,-1000.0,-1032.0,-0.018,-0.27,-0.004,0.27059933481071236,0.207834615648876,0.0,False,True,True
7.177132042999801,run,-1000.0,-1025.0,-0.018,-0.27,-0.004,0.27059933481071236,0.202679839110501,0.0,False,True,True
7.217717073000131,run,-1000.0,-1045.0,-0.018,-0.27,-0.004,0.27059933481071236,0.197527392984501,0.0,False,True,True
7.26159084200026,run,-1000.0,-1045.0,0.034,-0.305,-0.112,0.3068892308309303,0.192272796755751,0.0,False,True,True
7.302417472999878,run,-1000.0,-1103.0,0.034,-0.305,-0.112,0.3068892308309303,0.187072272484501,0.0,False,True,True
7.356535120999979,run,-1000.0,-1212.0,-0.04,-0.3,-0.072,0.3026549190084311,0.181412012824501,0.0,False,True,True
7.396871298000406,run,-1000.0,-1185.0,-0.04,-0.3,-0.072,0.3026549190084311,0.172392500242126,0.0,False,True,True
7.437200981999922,run,-1000.0,-1118.0,-0.108,-0.283,0.023,0.3029075766632456,0.166685039453251,0.0,False,True,True
7.481583049000619,run,-1000.0,-1290.0,-0.108,-0.283,0.023,0.3029075766632456,0.160885676088001,0.0,False,True,True
7.521995286000674,run,-1000.0,-1126.0,0.044,-0.244,0.026,0.24793547547698774,0.154629988512001,0.0,False,True,True
7.570377329000621,run,-1000.0,-1151.0,0.044,-0.244,0.026,0.24793547547698774,0.149117157977001,0.0,False,True,True
7.61779432000003,run,-1000.0,-1126.0,0.044,-0.244,0.026,0.24793547547698774,0.14029269112912598,0.0,False,True,True
7.662531279000177,run,-1000.0,-1052.0,-0.005,-0.256,-0.046,0.2560488234692751,0.13481720355587598,0.0,False,True,True
7.703200581000601,run,-1000.0,-1212.0,-0.005,-0.256,-0.046,0.2560488234692751,0.12943460745862598,0.0,False,True,True
7.7564475830004085,run,-1000.0,-1059.0,-0.113,-0.218,0.046,0.2455463296406607,0.12349107575850098,0.0,False,True,True
7.796900280000045,run,-1000.0,-1032.0,-0.113,-0.218,0.046,0.2455463296406607,0.11583148619850098,0.0,False,True,True
7.837163899000188,run,-1000.0,-1126.0,0.006,-0.295,-0.069,0.2950610106401725,0.11008487695650097,0.0,False,True,True
7.882039510000141,run,-1000.0,-987.0,0.006,-0.295,-0.069,0.2950610106401725,0.10455447297475098,0.0,False,True,True
7.936595432000104,run,-1000.0,-1000.0,-0.093,-0.22,-0.05,0.2388493248891443,0.09723701753250098,0.0,False,True,True
7.976775916999941,run,-1000.0,-1103.0,-0.093,-0.22,-0.05,0.2388493248891443,0.09454174948425098,0.0,False,True,True
8.01721887199983,run,-1000.0,-963.0,-0.093,-0.22,-0.05,0.2388493248891443,0.08643857813162598,0.0,False,True,True
8.061668469000324,run,-1000.0,-883.0,-0.052,-0.289,-0.048,0.2936409372005204,0.08179345912075098,0.0,False,True,True
8.102063606000229,run,-1000.0,-1000.0,-0.052,-0.289,-0.048,0.2936409372005204,0.07721023699625097,0.0,False,True,True
8.196835929999907,settle,0,-952.0,-0.039,-0.163,0.016,0.16760071598892412,0.07226354988787596,0.0,False,True,True
8.23723936100032,settle,0,-855.0,-0.039,-0.163,0.016,0.16760071598892412,0.06549373516837596,0.0,False,True,True
8.281434688000445,settle,0,-683.0,0.016,-0.12,0.022,0.12106196760337244,0.06139268024962596,0.0,False,True,True
8.336643313000422,settle,0,-1006.0,0.016,-0.12,0.022,0.12106196760337244,0.060407439309375956,0.0,False,True,True
8.376814906000618,settle,0,-851.0,0.013,-0.163,-0.085,0.16351758315239373,0.053702601396375955,0.0,False,True,True
8.417187168000055,settle,0,-883.0,0.013,-0.163,-0.085,0.16351758315239373,0.05115298154112596,0.0,False,True,True
8.460527539000395,settle,0,-677.0,0.013,-0.163,-0.085,0.16351758315239373,0.04533992046975096,0.0,False,True,True
8.500961275000009,settle,0,-544.0,-0.024,-0.059,-0.071,0.06369458375717671,0.042273746208375956,0.0,False,True,True
8.556554335000328,settle,0,-306.0,-0.024,-0.059,-0.071,0.06369458375717671,0.039564861624375953,0.0,False,True,True
8.59687089199997,settle,0,-340.0,0.01,-0.178,0.014,0.17828067758453242,0.038062102562250955,0.0,False,True,True
8.63720915400063,settle,0,-711.0,0.01,-0.178,0.014,0.17828067758453242,0.033834158758125954,0.0,False,True,True
8.677355791000082,settle,0,-546.0,-0.008,-0.115,-0.002,0.11527792503337315,0.030854362543125957,0.0,False,True,True
8.717658455000674,settle,0,-445.0,-0.008,-0.115,-0.002,0.11527792503337315,0.02837850899162596,0.0,False,True,True
8.760802077000335,settle,0,-322.0,-0.008,-0.115,-0.002,0.11527792503337315,0.026536558017875956,0.0,False,True,True
8.817447531000653,settle,0,-344.0,0.134,0.035,0.166,0.13849548729110275,0.02490633836100096,0.0,False,True,True
8.86086547100058,settle,0,-350.0,0.134,0.035,0.166,0.13849548729110275,0.022333677471250958,0.0,False,True,True
8.917025294000268,settle,0,-304.0,0.019,-0.035,0.091,0.03982461550347976,0.02056263796500096,0.0,False,True,True
8.960433956000088,settle,0,-304.0,0.019,-0.035,0.091,0.03982461550347976,0.018300910303000958,0.0,False,True,True
9.000924261999899,settle,0,-191.0,0.019,-0.056,0.008,0.05913543776789008,0.016775415427000957,0.0,False,True,True
9.05694751700048,settle,0,-191.0,0.019,-0.056,0.008,0.05913543776789008,0.015820522960000957,0.0,False,True,True
9.097131884000191,settle,0,-191.0,-0.036,0.051,0.017,0.06242595614005443,0.014869760247250957,0.0,False,True,True
9.137382629000058,settle,0,-191.0,-0.036,0.051,0.017,0.06242595614005443,0.013436460769000957,0.0,False,True,True
9.180908311000167,settle,0,-191.0,0.007,-0.018,-0.009,0.019313207915827964,0.012483639243375956,0.0,False,True,True
9.236640613000418,settle,0,-191.0,0.007,-0.018,-0.009,0.019313207915827964,0.011523324190875957,0.0,False,True,True
9.276887106000686,settle,0,-191.0,-0.038,0.033,-0.003,0.050328918128646476,0.010095768202000957,0.0,False,True,True
9.317431698999826,settle,0,-191.0,-0.038,0.033,-0.003,0.050328918128646476,0.009136867528375957,0.0,False,True,True
9.360874388000411,settle,0,-191.0,-0.038,0.033,-0.003,0.050328918128646476,0.008185450354125956,0.0,False,True,True
9.416948348000005,settle,0,-191.0,-0.012,0.017,0.02,0.020808652046684813,0.007218213700375956,0.0,False,True,True
9.457205509000232,settle,0,-191.0,-0.012,0.017,0.02,0.020808652046684813,0.005795944997375957,0.0,False,True,True
9.49767917600002,settle,0,-191.0,0.017,-0.046,-0.017,0.04904079934095691,0.005318944963750957,0.0,False,True,True
9.539119314000345,settle,0,0.0,0.017,-0.046,-0.017,0.04904079934095691,0.004830906109000957,0.0,False,True,True
9.580426106000232,settle,0,0.0,-0.032,0.016,0.014,0.03577708763999664,0.004830906109000957,0.0,False,True,True
9.620846114000415,settle,0,0.0,-0.032,0.016,0.014,0.03577708763999664,0.004830906109000957,0.0,False,True,True
9.670459118000508,settle,0,0.0,-0.059,-0.006,0.037,0.059304300012730946,0.004830906109000957,0.0,False,True,True
9.716936597999847,settle,0,0.0,-0.059,-0.006,0.037,0.059304300012730946,0.004830906109000957,0.0,False,True,True
9.760745954000413,settle,0,0.0,-0.059,-0.006,0.037,0.059304300012730946,0.004830906109000957,0.0,False,True,True
9.816881796000416,settle,0,0.0,0.074,-0.038,-0.016,0.08318653737234168,0.004830906109000957,0.0,False,True,True
9.860681201000261,settle,0,0.0,0.074,-0.038,-0.016,0.08318653737234168,0.004830906109000957,0.0,False,True,True
9.901360472000306,settle,0,0.0,-0.042,0.034,0.064,0.054037024344425186,0.004830906109000957,0.0,False,True,True
9.958245744000124,settle,0,0.0,-0.042,0.034,0.064,0.054037024344425186,0.004830906109000957,0.0,False,True,True
10.000300385000628,settle,0,0.0,0.001,0.006,0.041,0.00608276253029822,0.004830906109000957,0.0,False,True,True
10.040503221000108,settle,0,0.0,0.001,0.006,0.041,0.00608276253029822,0.004830906109000957,0.0,False,True,True
10.096631422999963,settle,0,0.0,0.048,-0.062,-0.002,0.07840918313565064,0.004830906109000957,0.0,False,True,True
10.137389897000503,settle,0,0.0,0.048,-0.062,-0.002,0.07840918313565064,0.004830906109000957,0.0,False,True,True
10.18040804500015,settle,0,0.0,-0.043,0.081,0.101,0.091706052144883,0.004830906109000957,0.0,False,True,True
10.222274404000018,settle,0,0.0,-0.043,0.081,0.101,0.091706052144883,0.004830906109000957,0.0,False,True,True
10.27652104400022,settle,0,0.0,-0.043,0.081,0.101,0.091706052144883,0.004830906109000957,0.0,False,True,True
10.317122989000381,settle,0,0.0,0.028,-0.021,0.007,0.035,0.004830906109000957,0.0,False,True,True
10.360054374000356,settle,0,0.0,0.028,-0.021,0.007,0.035,0.004830906109000957,0.0,False,True,True
10.400453541999923,settle,0,0.0,-0.051,-0.007,0.048,0.051478150704935,0.004830906109000957,0.0,False,True,True
