state,segment,yah_mag_x_lsb,yah_mag_y_lsb,yah_mag_z_lsb,neo_mag_x_ut,neo_mag_y_ut,neo_mag_z_ut
STATIC_1,1,3859.0,897.0,3988.0,25.8545,-1.80511,-28.9062
STATIC_1,1,3855.0,904.0,4007.0,25.8545,-2.00958,-29.1748
STATIC_1,1,3858.0,884.0,4004.0,25.8057,-1.79596,-28.9062
STATIC_1,1,3844.0,899.0,4028.0,25.8545,-2.01721,-29.1504
STATIC_1,1,3848.0,890.0,4006.0,25.8545,-1.98364,-29.1504
STATIC_1,1,3859.0,899.0,4008.0,25.8545,-2.11182,-29.1748
STATIC_1,1,3855.0,887.0,3983.0,25.8545,-1.98059,-29.1992
STATIC_1,1,3848.0,897.0,3987.0,25.8301,-2.0401,-29.1016
STATIC_1,1,3850.0,895.0,3993.0,25.8301,-1.98975,-29.126
STATIC_1,1,3847.0,886.0,3984.0,25.8301,-1.96075,-29.1504
STATIC_1,1,3849.0,891.0,4001.0,25.8545,-1.96075,-29.1016
STATIC_1,1,3834.0,894.0,3987.0,25.8789,-1.96381,-29.1748
STATIC_1,1,3849.0,902.0,4021.0,25.8301,-1.76392,-28.9307
STATIC_1,1,3862.0,890.0,3985.0,25.8301,-2.00958,-29.126
STATIC_1,1,3848.0,898.0,3995.0,25.8057,-1.77765,-28.9795
STATIC_1,1,3835.0,918.0,4010.0,25.8301,-2.05841,-29.2236
STATIC_1,1,3852.0,891.0,4003.0,25.8057,-1.75629,-28.9062
STATIC_1,1,3855.0,895.0,4000.0,25.8545,-1.90735,-29.0771
STATIC_1,1,3869.0,889.0,4008.0,25.8057,-1.80817,-28.9307
STATIC_1,1,3869.0,889.0,4006.0,25.8545,-1.96686,-29.1748
STATIC_1,1,3849.0,888.0,3995.0,25.8545,-2.005,-29.1504
STATIC_1,1,3856.0,900.0,3977.0,25.8301,-1.97296,-29.1016
STATIC_1,1,3856.0,888.0,4013.0,25.8545,-1.99585,-29.1748
STATIC_1,1,3837.0,899.0,3989.0,25.8301,-1.96686,-29.126
STATIC_1,1,3857.0,904.0,3970.0,25.8789,-2.01263,-29.1504
STATIC_1,1,3843.0,894.0,4000.0,25.8301,-1.94702,-29.1016
STATIC_1,1,3841.0,909.0,4010.0,25.8301,-2.005,-29.126
STATIC_1,1,3848.0,891.0,3977.0,25.8301,-1.78223,-28.9795
STATIC_1,1,3846.0,890.0,4009.0,25.8301,-1.85394,-29.0283
STATIC_1,1,3838.0,895.0,4004.0,25.8057,-1.76392,-28.9062
STATIC_1,1,3861.0,883.0,3989.0,25.8545,-1.93634,-29.1504
STATIC_1,1,3843.0,882.0,3972.0,25.7812,-1.75171,-28.8818
STATIC_1,1,3850.0,904.0,4001.0,25.8545,-1.98364,-29.1504
STATIC_1,1,3852.0,889.0,4017.0,25.8057,-1.79596,-28.833
STATIC_1,1,3862.0,896.0,4001.0,25.8545,-2.0462,-29.1504
STATIC_1,1,3856.0,900.0,3990.0,25.8545,-1.93329,-29.1504
STATIC_1,1,3843.0,902.0,4015.0,25.8301,-1.98212,-29.0771
STATIC_1,1,3851.0,879.0,4039.0,25.8545,-1.98212,-29.1504
STATIC_1,1,3858.0,889.0,4029.0,25.8545,-1.96075,-29.1748
STATIC_1,1,3857.0,887.0,4006.0,25.8545,-2.02637,-29.1748
STATIC_1,1,3836.0,887.0,4014.0,25.8545,-1.95618,-29.1504
STATIC_1,1,3836.0,893.0,4007.0,25.8301,-2.00348,-29.1504
STATIC_1,1,3839.0,905.0,4018.0,25.8301,-1.87988,-29.0039
STATIC_1,1,3842.0,882.0,4005.0,25.8545,-1.86615,-29.0283
STATIC_1,1,3850.0,898.0,4017.0,25.8545,-1.99585,-29.0283
STATIC_1,1,3853.0,884.0,4011.0,25.8545,-1.97601,-29.1016
STATIC_1,1,3840.0,876.0,4027.0,25.8545,-1.9516,-29.126
STATIC_1,1,3849.0,886.0,4028.0,25.8545,-2.05841,-29.2725
STATIC_1,1,3854.0,894.0,4051.0,25.8545,-1.98212,-29.1504
STATIC_1,1,3834.0,891.0,4012.0,25.8545,-2.005,-29.1992
STATIC_1,1,3847.0,885.0,4016.0,25.8789,-2.05383,-29.1992
STATIC_1,1,3832.0,903.0,4002.0,25.8789,-2.00043,-29.2236
STATIC_1,1,3835.0,897.0,3979.0,25.8545,-2.0462,-29.1748
STATIC_1,1,3873.0,890.0,4010.0,25.8789,-2.02179,-29.2236
STATIC_1,1,3857.0,902.0,4021.0,25.8545,-2.02637,-29.1992
STATIC_1,1,3867.0,898.0,4000.0,25.8545,-2.06146,-29.248
STATIC_1,1,3859.0,883.0,4029.0,25.8789,-2.0752,-29.248
STATIC_1,1,3855.0,887.0,4018.0,25.8545,-2.03552,-29.1748
STATIC_1,1,3868.0,880.0,4018.0,25.8545,-1.79596,-28.9795
STATIC_1,1,3851.0,868.0,4009.0,25.8545,-2.00043,-29.126
STATIC_1,1,3852.0,865.0,4031.0,25.8301,-1.84021,-28.9307
STATIC_1,1,3844.0,883.0,4034.0,25.8545,-2.02637,-29.1748
STATIC_1,1,3839.0,857.0,4002.0,25.8545,-1.86615,-29.0039
STATIC_1,1,3835.0,889.0,4006.0,25.8545,-2.00958,-29.1504
STATIC_1,1,3835.0,883.0,3997.0,25.8545,-1.93787,-29.0283
STATIC_1,1,3844.0,883.0,3989.0,25.8545,-1.99585,-29.1748
STATIC_1,1,3846.0,887.0,3998.0,25.8545,-2.02637,-29.1992
STATIC_1,1,3856.0,878.0,3978.0,25.8545,-1.96838,-29.0771
STATIC_1,1,3843.0,886.0,3993.0,25.8789,-2.02179,-29.1748
STATIC_1,1,3840.0,881.0,4020.0,25.8545,-1.99585,-29.1504
STATIC_1,1,3839.0,882.0,4008.0,25.8545,-2.03552,-29.126
STATIC_1,1,3834.0,894.0,4006.0,25.8545,-2.00958,-29.1748
STATIC_1,1,3848.0,889.0,4002.0,25.8545,-2.0401,-29.1748
STATIC_1,1,3846.0,889.0,3984.0,25.8545,-1.98669,-29.1504
STATIC_1,1,3849.0,892.0,4010.0,25.8301,-1.83563,-29.0527
STATIC_1,1,3838.0,887.0,4011.0,25.8545,-2.00043,-29.126
STATIC_1,1,3839.0,890.0,3986.0,25.8545,-1.80511,-29.0039
STATIC_1,1,3850.0,890.0,3993.0,25.8301,-1.89819,-29.0039
STATIC_1,1,3844.0,902.0,4009.0,25.8301,-1.83563,-29.0039
STATIC_1,1,3845.0,890.0,4001.0,25.8545,-1.94244,-29.1016
STATIC_1,1,3841.0,901.0,4007.0,25.8301,-2.02026,-29.1504
STATIC_1,1,3848.0,910.0,4006.0,25.8545,-2.05841,-29.1748
STATIC_1,1,3847.0,892.0,3988.0,25.8789,-2.02637,-29.1748
STATIC_1,1,3824.0,889.0,4006.0,25.8789,-1.96838,-29.126
STATIC_1,1,3843.0,877.0,4030.0,25.8789,-1.9928,-29.1992
STATIC_1,1,3844.0,878.0,3997.0,25.8545,-2.0401,-29.1748
STATIC_1,1,3846.0,882.0,4010.0,25.8545,-1.96991,-29.1016
STATIC_1,1,3839.0,891.0,4002.0,25.8789,-2.005,-29.1992
STATIC_1,1,3843.0,879.0,4012.0,25.8545,-2.01263,-29.126
STATIC_1,1,3839.0,871.0,4013.0,25.8545,-1.83105,-29.0039
STATIC_1,1,3859.0,864.0,3997.0,25.8545,-2.01263,-29.1504
STATIC_1,1,3851.0,875.0,4007.0,25.8057,-1.85852,-28.9795
STATIC_1,1,3840.0,859.0,4010.0,25.8545,-1.96381,-29.1748
STATIC_1,1,3830.0,881.0,3991.0,25.8057,-1.85394,-28.9795
STATIC_1,1,3844.0,889.0,4009.0,25.8545,-2.02179,-29.1504
STATIC_1,1,3836.0,899.0,4014.0,25.8301,-1.81732,-29.0039
STATIC_1,1,3846.0,875.0,4005.0,25.8545,-1.98669,-29.1016
STATIC_1,1,3841.0,889.0,4019.0,25.8545,-1.97601,-29.1748
STATIC_1,1,3840.0,891.0,4009.0,25.8301,-2.01721,-29.1504
STATIC_1,1,3833.0,868.0,4004.0,25.8545,-2.0401,-29.1504
STATIC_1,1,3846.0,882.0,4000.0,25.8545,-2.02179,-29.1748
STATIC_1,1,3853.0,879.0,4005.0,25.8545,-2.03094,-29.1504
STATIC_1,1,3829.0,884.0,3994.0,25.8789,-1.99127,-29.1748
STATIC_1,1,3836.0,886.0,4009.0,25.8789,-2.02179,-29.1748
STATIC_1,1,3839.0,885.0,4004.0,25.8301,-1.85852,-29.0039
STATIC_1,1,3829.0,888.0,3974.0,25.8545,-1.86157,-29.0771
STATIC_1,1,3833.0,887.0,3992.0,25.8545,-1.86615,-28.9551
STATIC_1,1,3851.0,889.0,4009.0,25.8545,-1.98669,-29.1748
STATIC_1,1,3835.0,873.0,3991.0,25.8545,-1.92871,-29.0771
STATIC_1,1,3827.0,904.0,3994.0,25.8301,-2.04468,-29.126
STATIC_1,1,3835.0,888.0,4009.0,25.8789,-1.96838,-28.9551
STATIC_1,1,3835.0,880.0,4024.0,25.8545,-1.99127,-29.1504
STATIC_1,1,3843.0,880.0,4010.0,25.8545,-2.05383,-29.1748
STATIC_1,1,3850.0,891.0,3995.0,25.8789,-1.96381,-29.1992
STATIC_1,1,3829.0,896.0,4023.0,25.8545,-2.00043,-29.126
STATIC_1,1,3844.0,898.0,3995.0,25.8545,-1.96838,-29.126
STATIC_1,1,3829.0,902.0,4004.0,25.8545,-1.95312,-29.1748
STATIC_1,1,3827.0,899.0,3981.0,25.8301,-1.96381,-29.126
STATIC_1,1,3847.0,895.0,4012.0,25.8301,-1.96991,-29.1504
STATIC_1,1,3839.0,889.0,3995.0,25.8789,-1.95618,-29.126
STATIC_1,1,3839.0,894.0,3977.0,25.8545,-1.87683,-29.0283
STATIC_1,1,3840.0,903.0,3972.0,25.8545,-2.01721,-29.1016
STATIC_1,1,3829.0,891.0,4003.0,25.8545,-1.84479,-29.0039
STATIC_1,1,3852.0,884.0,3965.0,25.8545,-2.00958,-29.1748
STATIC_1,1,3841.0,891.0,3977.0,25.8301,-1.81732,-28.9307
STATIC_1,1,3855.0,902.0,4000.0,25.8789,-2.01263,-29.126
STATIC_1,1,3845.0,886.0,4000.0,25.8301,-1.80817,-28.9551
STATIC_1,1,3846.0,883.0,3975.0,25.8789,-2.00043,-29.1992
STATIC_1,1,3848.0,897.0,3979.0,25.8789,-1.94702,-29.126
STATIC_1,1,3844.0,904.0,3999.0,25.8545,-2.01721,-29.1748
STATIC_1,1,3833.0,896.0,3952.0,25.9033,-1.95618,-29.1748
STATIC_1,1,3826.0,892.0,3987.0,25.9033,-2.02179,-29.1504
STATIC_1,1,3845.0,891.0,3974.0,25.8545,-2.00043,-29.1504
STATIC_1,1,3843.0,888.0,3969.0,25.9033,-2.01263,-29.2236
STATIC_1,1,3841.0,869.0,3978.0,25.8789,-2.00043,-29.1016
STATIC_1,1,3848.0,896.0,3991.0,25.8545,-1.84021,-28.9795
STATIC_1,1,3834.0,894.0,3983.0,25.8789,-1.93787,-29.0771
STATIC_1,1,3845.0,882.0,3981.0,25.8301,-1.84021,-28.9307
STATIC_1,1,3848.0,875.0,3996.0,25.9033,-1.92413,-29.1016
STATIC_1,1,3845.0,894.0,3982.0,25.8545,-1.96991,-28.9795
STATIC_1,1,3844.0,893.0,3999.0,25.8789,-1.97296,-29.1504
STATIC_1,1,3842.0,900.0,3988.0,25.8545,-1.81732,-28.9795
STATIC_1,1,3847.0,898.0,3988.0,25.8545,-2.005,-29.1016
STATIC_1,1,3834.0,903.0,4004.0,25.9033,-1.96075,-29.1504
STATIC_1,1,3826.0,883.0,4008.0,25.8789,-1.97754,-29.1504
STATIC_1,1,3845.0,884.0,3975.0,25.8545,-2.01263,-29.1504
STATIC_1,1,3834.0,902.0,3980.0,25.8789,-2.00043,-29.1748
STATIC_1,1,3830.0,913.0,3972.0,25.8301,-1.94702,-29.0771
STATIC_1,1,3842.0,899.0,4000.0,25.9033,-2.0401,-29.1748
STATIC_1,1,3818.0,900.0,4009.0,25.8545,-1.99585,-29.1504
STATIC_1,1,3838.0,896.0,3990.0,25.8545,-2.04926,-29.1504
STATIC_1,1,3838.0,902.0,3970.0,25.8545,-1.87531,-29.0283
STATIC_1,1,3833.0,887.0,3992.0,25.8789,-2.05994,-29.1992
STATIC_1,1,3840.0,886.0,4001.0,25.8301,-1.84479,-28.9551
STATIC_1,1,3832.0,902.0,3978.0,25.8545,-1.87531,-28.9795
STATIC_1,1,3845.0,888.0,4017.0,25.8301,-1.83563,-28.9307
STATIC_1,1,3834.0,888.0,4021.0,25.8545,-1.85394,-29.0771
STATIC_1,1,3828.0,890.0,4015.0,25.8789,-2.00958,-29.126
STATIC_1,1,3827.0,896.0,3991.0,25.8789,-2.03094,-29.126
STATIC_1,1,3834.0,874.0,4003.0,25.8789,-1.9928,-29.1992
STATIC_1,1,3833.0,902.0,3991.0,25.8789,-1.96075,-29.126
STATIC_1,1,3836.0,905.0,3995.0,25.8789,-1.98669,-29.126
STATIC_1,1,3841.0,909.0,3976.0,25.8789,-1.98212,-29.126
STATIC_1,1,3836.0,902.0,3996.0,25.8545,-1.97296,-29.1016
STATIC_1,1,3851.0,904.0,3981.0,25.9033,-1.96838,-29.1504
STATIC_1,1,3834.0,897.0,3991.0,25.8301,-2.03094,-29.1504
STATIC_1,1,3829.0,910.0,3994.0,25.8301,-1.81274,-28.9062
STATIC_1,1,3859.0,892.0,3977.0,25.9033,-2.11945,-29.2236
STATIC_1,1,3847.0,890.0,3982.0,25.8301,-1.80054,-28.9062
STATIC_1,1,3842.0,902.0,4000.0,25.8789,-2.00043,-29.1748
STATIC_1,1,3847.0,890.0,3986.0,25.8545,-1.78223,-28.9307
STATIC_1,1,3859.0,880.0,3997.0,25.8545,-2.10266,-29.2236
STATIC_1,1,3837.0,876.0,3992.0,25.8545,-1.77612,-28.9307
STATIC_1,1,3854.0,892.0,3965.0,25.8545,-2.00043,-29.1748
STATIC_1,1,3838.0,889.0,3981.0,25.8789,-1.9928,-29.126
STATIC_1,1,3860.0,880.0,3992.0,25.9033,-1.97754,-29.1748
STATIC_1,1,3839.0,891.0,4000.0,25.8789,-1.98059,-29.1016
STATIC_1,1,3839.0,902.0,3985.0,25.9277,-2.15149,-29.2236
STATIC_1,1,3825.0,892.0,3987.0,25.8789,-1.96991,-29.1504
STATIC_1,1,3839.0,881.0,3995.0,25.9033,-2.00958,-29.1016
STATIC_1,1,3842.0,893.0,3981.0,25.9033,-1.95312,-29.1504
STATIC_1,1,3850.0,882.0,3989.0,25.8545,-1.96838,-29.0771
STATIC_1,1,3841.0,887.0,3978.0,25.8545,-1.77612,-28.9307
STATIC_1,1,3855.0,876.0,3981.0,25.8545,-1.92413,-29.126
STATIC_1,1,3833.0,886.0,3967.0,25.8545,-1.87073,-29.0039
STATIC_1,1,3823.0,884.0,3980.0,25.8789,-1.93329,-29.1016
STATIC_1,1,3833.0,885.0,3989.0,25.8545,-1.82648,-28.9062
STATIC_1,1,3854.0,901.0,3969.0,25.9033,-1.84021,-28.9307
STATIC_1,1,3837.0,898.0,3968.0,25.8545,-1.81274,-29.0771
STATIC_1,1,3854.0,895.0,3981.0,25.8545,-1.95618,-29.0771
STATIC_1,1,3846.0,884.0,4022.0,25.9033,-2.03094,-29.1748
STATIC_1,1,3844.0,901.0,3998.0,25.9033,-1.97296,-29.1748
STATIC_1,1,3828.0,881.0,3990.0,25.8545,-2.01721,-29.1748
STATIC_1,1,3837.0,884.0,3990.0,25.8545,-1.97296,-29.2236
STATIC_1,1,3830.0,905.0,3971.0,25.8545,-1.97754,-29.1504
STATIC_1,1,3826.0,887.0,3973.0,25.8789,-1.97601,-29.1748
STATIC_1,1,3855.0,890.0,3982.0,25.8789,-2.0752,-29.2236
STATIC_1,1,3840.0,896.0,3988.0,25.8057,-1.79291,-28.9062
STATIC_1,1,3834.0,881.0,4003.0,25.8789,-2.04468,-29.248
STATIC_1,1,3837.0,896.0,3992.0,25.8301,-1.73035,-28.9062
STATIC_1,1,3847.0,891.0,3958.0,25.9033,-1.91498,-29.1016
STATIC_1,1,3859.0,875.0,4002.0,25.8789,-1.73035,-28.8818
STATIC_1,1,3844.0,891.0,3959.0,25.9033,-1.92413,-29.0527
STATIC_1,1,3845.0,892.0,3970.0,25.9521,-1.75629,-28.8574
STATIC_1,1,3837.0,878.0,4009.0,25.9521,-1.99127,-28.9795
STATIC_1,1,3860.0,885.0,3992.0,25.9277,-2.05383,-29.0527
STATIC_1,1,3849.0,894.0,3973.0,25.9033,-2.0401,-29.1504
STATIC_1,1,3843.0,904.0,3974.0,25.8789,-2.01721,-29.1016
STATIC_1,1,3860.0,890.0,4004.0,25.8789,-2.03552,-29.1992
STATIC_1,1,3832.0,889.0,4010.0,25.8789,-2.01721,-29.2725
STATIC_1,1,3830.0,888.0,3983.0,25.8301,-2.0401,-29.2725
STATIC_1,1,3846.0,884.0,3997.0,25.9033,-1.91956,-29.4434
STATIC_1,1,3836.0,891.0,3977.0,26.0498,-1.93787,-29.248
STATIC_1,1,3843.0,892.0,3971.0,25.8789,-2.03094,-29.1016
STATIC_1,1,3855.0,895.0,4002.0,25.8545,-2.00958,-29.1504
STATIC_1,1,3850.0,887.0,3996.0,25.8301,-2.07062,-29.1016
STATIC_1,1,3841.0,903.0,3996.0,25.8545,-2.005,-29.1504
STATIC_1,1,3827.0,912.0,3976.0,25.8301,-1.96381,-29.0771
STATIC_1,1,3851.0,894.0,3959.0,25.8057,-1.7868,-28.9307
STATIC_1,1,3845.0,897.0,4000.0,25.8545,-1.92413,-29.126
STATIC_1,1,3830.0,884.0,3985.0,25.8301,-1.95312,-29.0771
STATIC_1,1,3831.0,891.0,3976.0,25.8301,-1.96075,-29.1016
STATIC_1,1,3839.0,887.0,3967.0,25.8545,-1.91956,-29.1504
STATIC_1,1,3835.0,891.0,4023.0,25.8545,-2.03552,-29.126
STATIC_1,1,3843.0,888.0,3997.0,25.9033,-1.92871,-29.1016
STATIC_1,1,3828.0,888.0,4016.0,25.8545,-1.96838,-29.1016
STATIC_1,1,3822.0,896.0,4011.0,25.8545,-1.9516,-29.1016
STATIC_1,1,3824.0,881.0,4002.0,25.8789,-1.96381,-29.126
STATIC_1,1,3835.0,899.0,3988.0,25.8301,-1.78223,-28.8818
STATIC_1,1,3833.0,887.0,4014.0,25.8545,-1.96381,-29.126
STATIC_1,1,3841.0,876.0,4009.0,25.8057,-1.80054,-28.9307
STATIC_1,1,3832.0,859.0,4012.0,25.8301,-1.96991,-29.126
STATIC_1,1,3826.0,897.0,3972.0,25.8545,-1.77307,-28.9795
STATIC_1,1,3822.0,887.0,3985.0,25.8789,-1.95618,-29.126
STATIC_1,1,3816.0,889.0,3997.0,25.8301,-1.86615,-29.0283
STATIC_1,1,3844.0,885.0,3996.0,25.8545,-1.95618,-29.1992
STATIC_1,1,3836.0,901.0,3984.0,25.8545,-2.06146,-29.1016
STATIC_1,1,3834.0,897.0,3999.0,25.8545,-1.96686,-29.1748
STATIC_1,1,3832.0,885.0,4008.0,25.8545,-1.98669,-29.1992
STATIC_1,1,3830.0,884.0,3980.0,25.8301,-1.95312,-29.1016
STATIC_1,1,3821.0,905.0,3991.0,25.8545,-1.96075,-29.1992
STATIC_1,1,3825.0,901.0,3999.0,25.8545,-1.92261,-29.126
STATIC_1,1,3827.0,889.0,3991.0,25.8789,-2.02179,-29.126
STATIC_1,1,3832.0,912.0,3996.0,25.8301,-1.87531,-29.0039
STATIC_1,1,3816.0,896.0,3991.0,25.8545,-1.91498,-28.9795
STATIC_1,1,3842.0,893.0,4011.0,25.8545,-1.87988,-29.0283
STATIC_1,1,3836.0,883.0,3997.0,25.8789,-1.9104,-29.0039
STATIC_1,1,3832.0,886.0,3961.0,25.8545,-1.91956,-29.0283
STATIC_1,1,3847.0,881.0,3980.0,25.8789,-1.91956,-29.126
STATIC_1,1,3841.0,888.0,4000.0,25.8057,-1.9104,-29.0771
STATIC_2,2,1945.0,6566.0,4173.0,13.0737,-28.2715,-27.6367
STATIC_2,2,1969.0,6582.0,4219.0,13.0615,-28.3203,-27.5879
STATIC_2,2,1954.0,6583.0,4270.0,13.0981,-28.3203,-27.6611
STATIC_2,2,1955.0,6579.0,4261.0,13.0615,-28.3203,-27.5879
STATIC_2,2,1956.0,6569.0,4245.0,13.0737,-28.3447,-27.6123
STATIC_2,2,1962.0,6576.0,4229.0,13.0737,-28.3203,-27.6367
STATIC_2,2,1954.0,6589.0,4229.0,13.0859,-28.3203,-27.6123
STATIC_2,2,1971.0,6579.0,4238.0,13.1104,-28.2959,-27.6367
STATIC_2,2,1957.0,6575.0,4205.0,13.0615,-28.3447,-27.6367
STATIC_2,2,1963.0,6575.0,4191.0,13.0493,-28.2227,-27.4902
STATIC_2,2,1957.0,6581.0,4239.0,13.0981,-28.3447,-27.6367
STATIC_2,2,1954.0,6565.0,4254.0,13.0371,-28.1738,-27.3926
STATIC_2,2,1939.0,6574.0,4267.0,13.0859,-28.3447,-27.6367
STATIC_2,2,1966.0,6552.0,4269.0,13.0615,-28.1494,-27.4658
STATIC_2,2,1972.0,6570.0,4267.0,13.0737,-28.3936,-27.6123
STATIC_2,2,1972.0,6566.0,4292.0,13.0615,-28.1738,-27.4414
STATIC_2,2,1972.0,6571.0,4321.0,13.0981,-28.3691,-27.6855
STATIC_2,2,1958.0,6578.0,4319.0,13.0615,-28.3447,-27.6367
STATIC_2,2,1945.0,6583.0,4336.0,13.1104,-28.3691,-27.71
STATIC_2,2,1957.0,6577.0,4291.0,13.0859,-28.2959,-27.5879
STATIC_2,2,1969.0,6565.0,4282.0,13.0615,-28.3203,-27.5879
STATIC_2,2,1967.0,6557.0,4274.0,13.0859,-28.3203,-27.6123
STATIC_2,2,1956.0,6584.0,4324.0,13.0737,-28.3936,-27.6123
STATIC_2,2,1972.0,6580.0,4353.0,13.0737,-28.3203,-27.6367
STATIC_2,2,1964.0,6567.0,4339.0,13.0737,-28.3936,-27.6611
STATIC_2,2,1955.0,6569.0,4323.0,13.0737,-28.3203,-27.5391
STATIC_2,2,1960.0,6568.0,4306.0,13.0737,-28.1982,-27.5146
STATIC_2,2,1956.0,6562.0,4332.0,13.0859,-28.3447,-27.5635
STATIC_2,2,1964.0,6586.0,4314.0,13.0493,-28.2227,-27.4658
STATIC_2,2,1951.0,6580.0,4342.0,13.0737,-28.3691,-27.6367
STATIC_2,2,1950.0,6589.0,4341.0,13.0493,-28.3447,-27.4902
STATIC_2,2,1960.0,6576.0,4329.0,13.0981,-28.5156,-27.71
STATIC_2,2,1969.0,6582.0,4294.0,13.1104,-28.4668,-27.71
STATIC_2,2,1954.0,6582.0,4294.0,13.0981,-28.4912,-27.71
STATIC_2,2,1955.0,6577.0,4312.0,13.0859,-28.3447,-27.6855
STATIC_2,2,1952.0,6582.0,4321.0,13.0981,-28.3447,-27.6367
STATIC_2,2,1955.0,6573.0,4289.0,13.0737,-28.3203,-27.6367
STATIC_2,2,1955.0,6566.0,4313.0,13.0737,-28.3447,-27.6611
STATIC_2,2,1960.0,6576.0,4316.0,13.0859,-28.3203,-27.5879
STATIC_2,2,1965.0,6583.0,4306.0,13.0859,-28.3203,-27.6367
STATIC_2,2,1968.0,6592.0,4297.0,13.0493,-28.125,-27.417
STATIC_2,2,1950.0,6587.0,4295.0,13.0615,-28.3447,-27.5879
STATIC_2,2,1940.0,6585.0,4309.0,13.0493,-28.1494,-27.4658
STATIC_2,2,1948.0,6579.0,4330.0,13.0615,-28.2715,-27.6123
STATIC_2,2,1944.0,6578.0,4253.0,13.0371,-28.1738,-27.417
STATIC_2,2,1953.0,6588.0,4231.0,13.0981,-28.2959,-27.6611
STATIC_2,2,1964.0,6603.0,4280.0,13.0615,-28.125,-27.3926
STATIC_2,2,1960.0,6576.0,4234.0,13.0859,-28.3691,-27.6367
STATIC_2,2,1969.0,6583.0,4160.0,13.0981,-28.2959,-27.6611
STATIC_2,2,1944.0,6585.0,4195.0,13.0859,-28.3936,-27.6123
STATIC_2,2,1949.0,6570.0,4148.0,13.0981,-28.3447,-27.6123
STATIC_2,2,1942.0,6591.0,4128.0,13.0859,-28.3447,-27.6611
STATIC_2,2,1945.0,6584.0,4062.0,13.0737,-28.3447,-27.5879
STATIC_2,2,1953.0,6582.0,4200.0,13.0859,-28.3936,-27.71
STATIC_2,2,1964.0,6580.0,4227.0,13.0737,-28.3447,-27.6123
STATIC_2,2,1939.0,6580.0,4211.0,13.0859,-28.418,-27.6855
STATIC_2,2,1950.0,6585.0,4167.0,13.0493,-28.125,-27.4658
STATIC_2,2,1953.0,6587.0,4178.0,13.0493,-28.2715,-27.5146
STATIC_2,2,1956.0,6579.0,4195.0,13.0493,-28.1494,-27.417
STATIC_2,2,1949.0,6591.0,4236.0,13.0493,-28.2715,-27.5391
STATIC_2,2,1964.0,6602.0,4185.0,13.0371,-28.2959,-27.5879
STATIC_3,3,-3061.0,9094.0,4592.0,-11.6577,-35.9863,-26.0254
STATIC_3,3,-3060.0,9085.0,4621.0,-11.6516,-36.1328,-26.2695
STATIC_3,3,-3074.0,9105.0,4584.0,-11.676,-35.9863,-26.001
STATIC_3,3,-3080.0,9099.0,4619.0,-11.6516,-36.1084,-26.1719
STATIC_3,3,-3062.0,9065.0,4648.0,-11.7004,-35.9619,-26.0254
STATIC_3,3,-3069.0,9086.0,4531.0,-11.6638,-36.1084,-26.1719
STATIC_3,3,-3067.0,9075.0,4549.0,-11.6821,-36.1084,-26.2207
STATIC_3,3,-3081.0,9073.0,4586.0,-11.6516,-36.1084,-26.1963
STATIC_3,3,-3064.0,9091.0,4608.0,-11.6577,-36.2061,-26.2207
STATIC_3,3,-3078.0,9092.0,4564.0,-11.676,-36.084,-26.2451
STATIC_3,3,-3088.0,9077.0,4496.0,-11.6699,-36.1084,-26.1475
STATIC_3,3,-3080.0,9089.0,4496.0,-11.6638,-36.1084,-26.1719
STATIC_3,3,-3085.0,9079.0,4507.0,-11.676,-36.1084,-26.2207
STATIC_3,3,-3079.0,9089.0,4497.0,-11.6577,-36.1328,-26.1475
STATIC_3,3,-3071.0,9070.0,4497.0,-11.6821,-36.0107,-26.0986
STATIC_3,3,-3071.0,9085.0,4589.0,-11.6638,-36.084,-26.1963
STATIC_3,3,-3083.0,9084.0,4519.0,-11.6882,-35.9375,-26.0254
STATIC_3,3,-3067.0,9079.0,4523.0,-11.6638,-36.084,-26.1475
STATIC_3,3,-3079.0,9077.0,4551.0,-11.6821,-35.9863,-26.0742
STATIC_3,3,-3076.0,9076.0,4563.0,-11.6882,-36.0596,-26.1475
STATIC_3,3,-3079.0,9095.0,4587.0,-11.6455,-36.1084,-26.2451
STATIC_3,3,-3064.0,9080.0,4556.0,-11.6638,-36.1572,-26.1719
STATIC_3,3,-3068.0,9075.0,4601.0,-11.6699,-36.1084,-26.2207
STATIC_3,3,-3071.0,9086.0,4608.0,-11.676,-36.1572,-26.2695
STATIC_3,3,-3065.0,9073.0,4600.0,-11.6821,-36.084,-26.1719
STATIC_3,3,-3081.0,9088.0,4568.0,-11.6943,-36.1084,-26.1963
STATIC_3,3,-3075.0,9090.0,4576.0,-11.6394,-36.084,-26.1963
STATIC_3,3,-3068.0,9089.0,4605.0,-11.7004,-36.1816,-26.2207
STATIC_3,3,-3086.0,9092.0,4613.0,-11.676,-36.084,-26.1719
STATIC_3,3,-3091.0,9077.0,4655.0,-11.7126,-35.9375,-25.9766
STATIC_3,3,-3097.0,9092.0,4651.0,-11.676,-36.1084,-26.2207
STATIC_3,3,-3072.0,9095.0,4666.0,-11.7065,-35.9375,-26.0254
STATIC_3,3,-3079.0,9085.0,4681.0,-11.6882,-36.1328,-26.1963
STATIC_3,3,-3097.0,9073.0,4673.0,-11.7004,-35.9375,-26.0498
STATIC_3,3,-3091.0,9079.0,4535.0,-11.6638,-36.1084,-26.1963
STATIC_3,3,-3085.0,9085.0,4522.0,-11.7065,-35.9375,-26.0254
STATIC_3,3,-3083.0,9077.0,4496.0,-11.6821,-36.1328,-26.2451
STATIC_3,3,-3083.0,9075.0,4517.0,-11.6821,-36.1328,-26.2207
STATIC_3,3,-3086.0,9084.0,4553.0,-11.7004,-36.1084,-26.1963
STATIC_3,3,-3081.0,9092.0,4543.0,-11.6821,-36.0596,-26.2451
STATIC_3,3,-3064.0,9074.0,4556.0,-11.676,-36.1816,-26.1719
STATIC_3,3,-3075.0,9081.0,4516.0,-11.6943,-36.1328,-26.2207
STATIC_3,3,-3067.0,9085.0,4530.0,-11.7004,-36.1816,-26.2451
STATIC_3,3,-3077.0,9086.0,4553.0,-11.6821,-36.1084,-26.1719
STATIC_3,3,-3072.0,9076.0,4583.0,-11.6699,-36.1572,-26.2695
STATIC_3,3,-3074.0,9102.0,4472.0,-11.6882,-36.0352,-26.0742
STATIC_3,3,-3071.0,9080.0,4570.0,-11.6821,-36.1816,-26.2451
STATIC_3,3,-3051.0,9075.0,4513.0,-11.7004,-35.9863,-26.123
STATIC_3,3,-3078.0,9073.0,4558.0,-11.6943,-35.9863,-26.0254
STATIC_3,3,-3071.0,9076.0,4580.0,-11.7188,-35.9619,-26.0986
STATIC_4,4,-8370.0,7003.0,4764.0,-35.9131,-26.7822,-24.0723
STATIC_4,4,-8380.0,7015.0,4751.0,-35.9131,-26.7822,-24.0356
STATIC_4,4,-8376.0,7019.0,4773.0,-35.9375,-26.8311,-24.1211
STATIC_4,4,-8370.0,7015.0,4770.0,-35.9131,-26.7334,-24.0234
STATIC_4,4,-8371.0,7009.0,4745.0,-35.9619,-26.8555,-23.9868
STATIC_4,4,-8372.0,7006.0,4733.0,-35.9619,-26.9287,-24.1943
STATIC_4,4,-8371.0,7014.0,4759.0,-35.9131,-26.9043,-24.1455
STATIC_4,4,-8369.0,7009.0,4759.0,-35.9131,-26.9287,-24.1455
STATIC_4,4,-8381.0,7020.0,4734.0,-35.9375,-26.9287,-24.1943
STATIC_4,4,-8371.0,7015.0,4746.0,-35.9375,-26.8799,-24.1211
STATIC_4,4,-8378.0,7018.0,4748.0,-35.9375,-27.0752,-24.2432
STATIC_4,4,-8375.0,7004.0,4760.0,-35.9131,-26.9287,-24.2188
STATIC_4,4,-8365.0,6993.0,4766.0,-35.9375,-26.9531,-24.1455
STATIC_4,4,-8378.0,7020.0,4723.0,-35.9619,-26.9287,-24.1577
STATIC_4,4,-8379.0,7003.0,4732.0,-35.9619,-26.8311,-24.0479
STATIC_4,4,-8382.0,6997.0,4704.0,-35.9131,-26.9287,-24.1577
STATIC_4,4,-8371.0,7005.0,4729.0,-35.9375,-26.8311,-24.0479
STATIC_4,4,-8367.0,6992.0,4729.0,-35.9375,-26.9287,-24.1577
STATIC_4,4,-8376.0,6994.0,4764.0,-35.9375,-26.8066,-23.999
STATIC_4,4,-8359.0,7010.0,4721.0,-35.9375,-26.9775,-24.1943
STATIC_4,4,-8363.0,7013.0,4757.0,-35.9375,-26.7822,-23.9624
STATIC_4,4,-8374.0,7015.0,4736.0,-35.9375,-26.9287,-24.1577
STATIC_4,4,-8369.0,7015.0,4755.0,-35.9131,-26.8799,-24.2065
STATIC_4,4,-8387.0,7011.0,4727.0,-35.9131,-26.9287,-24.1455
STATIC_4,4,-8390.0,6989.0,4702.0,-35.9375,-26.9287,-24.1943
STATIC_4,4,-8389.0,7009.0,4775.0,-35.8887,-26.8799,-24.1943
STATIC_4,4,-8387.0,7021.0,4734.0,-35.9131,-26.8799,-24.1455
STATIC_4,4,-8367.0,7011.0,4732.0,-35.9131,-26.9043,-24.2065
STATIC_4,4,-8371.0,6997.0,4759.0,-35.8887,-26.8799,-24.1455
STATIC_4,4,-8369.0,7006.0,4753.0,-35.9375,-26.8799,-24.0234
STATIC_4,4,-8379.0,7000.0,4728.0,-35.9619,-26.7822,-24.0356
STATIC_4,4,-8373.0,7007.0,4716.0,-35.9375,-26.7822,-24.0112
STATIC_4,4,-8382.0,7003.0,4738.0,-35.9619,-26.7578,-24.0356
STATIC_4,4,-8386.0,7005.0,4734.0,-35.9619,-26.8066,-24.0601
STATIC_4,4,-8392.0,7004.0,4739.0,-35.9131,-26.8799,-24.1699
STATIC_4,4,-8378.0,7012.0,4701.0,-35.9131,-26.9043,-24.1211
STATIC_4,4,-8384.0,6995.0,4746.0,-35.9375,-26.8799,-24.1699
STATIC_4,4,-8390.0,6997.0,4719.0,-35.9375,-26.9287,-24.1699
STATIC_4,4,-8376.0,6988.0,4762.0,-35.9375,-26.9287,-24.1943
STATIC_4,4,-8375.0,7011.0,4753.0,-35.9375,-26.9287,-24.1821
STATIC_4,4,-8385.0,7000.0,4725.0,-35.9619,-26.9531,-24.1821
STATIC_4,4,-8378.0,7005.0,4707.0,-35.9619,-26.8799,-24.1943
STATIC_4,4,-8370.0,6997.0,4676.0,-35.9131,-26.9043,-24.1577
STATIC_4,4,-8375.0,6997.0,4714.0,-35.9375,-26.9043,-24.1333
STATIC_4,4,-8367.0,6984.0,4749.0,-35.9375,-26.8555,-24.2188
STATIC_4,4,-8378.0,7009.0,4731.0,-35.9863,-26.6846,-23.938
STATIC_4,4,-8366.0,6992.0,4731.0,-35.9863,-26.8311,-24.1333
STATIC_4,4,-8377.0,6985.0,4727.0,-36.0352,-26.6602,-23.9014
STATIC_4,4,-8387.0,6996.0,4728.0,-36.0107,-26.8555,-24.0967
STATIC_4,4,-8371.0,6992.0,4727.0,-36.0596,-26.6846,-23.8892
STATIC_4,4,-8384.0,6996.0,4748.0,-36.0107,-26.8311,-24.1211
STATIC_4,4,-8382.0,7001.0,4747.0,-36.0596,-26.6357,-23.8525
STATIC_4,4,-8384.0,6994.0,4721.0,-36.0596,-26.8066,-24.0723
STATIC_4,4,-8394.0,7012.0,4721.0,-36.0596,-26.8311,-24.0723
STATIC_4,4,-8387.0,6999.0,4704.0,-36.0596,-26.9043,-24.0479
STATIC_4,4,-8421.0,7000.0,4705.0,-36.1572,-26.8066,-23.8892
STATIC_4,4,-8442.0,6986.0,4660.0,-36.2061,-26.8066,-23.7671
STATIC_4,4,-8450.0,6990.0,4639.0,-36.2549,-26.8066,-23.6572
STATIC_4,4,-8439.0,6989.0,4657.0,-36.2061,-26.9531,-23.8892
STATIC_4,4,-8459.0,6992.0,4605.0,-36.2305,-26.8555,-23.6084
STATIC_5,5,-10247.0,1236.0,4229.0,-48.291,-1.80664,-22.0825
STATIC_5,5,-10268.0,1238.0,4224.0,-48.291,-1.76849,-22.0703
STATIC_5,5,-10251.0,1232.0,4220.0,-48.291,-1.78986,-22.0825
STATIC_5,5,-10235.0,1232.0,4224.0,-48.291,-1.7868,-22.0337
STATIC_5,5,-10249.0,1236.0,4219.0,-48.3398,-1.67084,-21.9116
STATIC_5,5,-10245.0,1236.0,4219.0,-48.3154,-1.77307,-22.0703
STATIC_5,5,-10240.0,1235.0,4206.0,-48.3154,-1.67999,-21.936
STATIC_5,5,-10240.0,1222.0,4211.0,-48.3643,-1.6449,-21.875
STATIC_5,5,-10258.0,1221.0,4209.0,-48.3643,-1.6571,-21.9116
STATIC_5,5,-10276.0,1225.0,4209.0,-48.3643,-1.59607,-21.7896
STATIC_5,5,-10263.0,1222.0,4187.0,-48.3643,-1.7334,-21.9849
STATIC_5,5,-10244.0,1230.0,4222.0,-48.3398,-1.74255,-21.9849
STATIC_5,5,-10240.0,1208.0,4208.0,-48.3154,-1.81732,-21.9727
STATIC_5,5,-10261.0,1204.0,4194.0,-48.3398,-1.71051,-21.9604
STATIC_5,5,-10262.0,1188.0,4202.0,-48.3398,-1.75171,-21.9238
STATIC_5,5,-10266.0,1203.0,4193.0,-48.3398,-1.71509,-21.8994
STATIC_5,5,-10268.0,1203.0,4191.0,-48.3398,-1.7334,-21.9238
STATIC_5,5,-10266.0,1207.0,4180.0,-48.3398,-1.68304,-21.8262
STATIC_5,5,-10264.0,1213.0,4182.0,-48.3643,-1.67084,-21.8994
STATIC_5,5,-10265.0,1206.0,4190.0,-48.3643,-1.52969,-21.6797
STATIC_5,5,-10283.0,1203.0,4191.0,-48.3398,-1.6983,-21.875
STATIC_5,5,-10278.0,1209.0,4188.0,-48.3887,-1.4801,-21.6309
STATIC_5,5,-10271.0,1206.0,4183.0,-48.3643,-1.68457,-21.8262
STATIC_5,5,-10266.0,1206.0,4184.0,-48.3887,-1.43356,-21.5698
STATIC_5,5,-10286.0,1216.0,4206.0,-48.3643,-1.64032,-21.8506
STATIC_5,5,-10273.0,1201.0,4179.0,-48.3643,-1.46255,-21.6187
STATIC_5,5,-10269.0,1198.0,4194.0,-48.3643,-1.6571,-21.814
STATIC_5,5,-10268.0,1202.0,4200.0,-48.3643,-1.71967,-21.8872
STATIC_5,5,-10261.0,1194.0,4164.0,-48.3398,-1.66016,-21.7773
STATIC_5,5,-10284.0,1201.0,4185.0,-48.3643,-1.67542,-21.8384
STATIC_5,5,-10277.0,1202.0,4185.0,-48.3887,-1.66626,-21.8384
STATIC_5,5,-10288.0,1192.0,4196.0,-48.3398,-1.67084,-21.7896
STATIC_5,5,-10288.0,1188.0,4179.0,-48.3643,-1.6571,-21.8018
STATIC_5,5,-10276.0,1190.0,4200.0,-48.3643,-1.71509,-21.8506
STATIC_5,5,-10261.0,1187.0,4220.0,-48.3643,-1.59607,-21.7285
STATIC_5,5,-10265.0,1195.0,4203.0,-48.3887,-1.6037,-21.7773
STATIC_5,5,-10269.0,1197.0,4183.0,-48.3643,-1.61285,-21.7773
STATIC_5,5,-10272.0,1210.0,4181.0,-48.3887,-1.56403,-21.7041
STATIC_5,5,-10269.0,1193.0,4186.0,-48.4131,-1.47095,-21.6187
STATIC_5,5,-10281.0,1187.0,4193.0,-48.3643,-1.56403,-21.6919
STATIC_5,5,-10269.0,1196.0,4196.0,-48.3643,-1.47552,-21.5698
STATIC_5,5,-10257.0,1202.0,4189.0,-48.3643,-1.66168,-21.8506
STATIC_5,5,-10264.0,1187.0,4244.0,-48.3398,-1.67999,-21.8506
STATIC_5,5,-10273.0,1188.0,4201.0,-48.3643,-1.67084,-21.8262
STATIC_5,5,-10265.0,1210.0,4174.0,-48.3887,-1.65405,-21.8384
STATIC_5,5,-10265.0,1215.0,4173.0,-48.3398,-1.68304,-21.8506
STATIC_5,5,-10277.0,1199.0,4193.0,-48.3398,-1.70593,-21.936
STATIC_5,5,-10279.0,1203.0,4186.0,-48.3643,-1.70593,-21.8994
STATIC_5,5,-10272.0,1223.0,4208.0,-48.3154,-1.76392,-21.9116
STATIC_5,5,-10250.0,1202.0,4222.0,-48.3398,-1.73798,-21.9971
STATIC_5,5,-10259.0,1226.0,4204.0,-48.3643,-1.57776,-21.7896
STATIC_5,5,-10268.0,1220.0,4224.0,-48.291,-1.77765,-22.0215
STATIC_5,5,-10254.0,1223.0,4227.0,-48.3643,-1.6449,-21.8628
STATIC_5,5,-10254.0,1231.0,4200.0,-48.291,-1.78223,-22.0337
STATIC_5,5,-10230.0,1242.0,4234.0,-48.3398,-1.67084,-21.9238
STATIC_5,5,-10260.0,1232.0,4245.0,-48.291,-1.75171,-22.0459
STATIC_6,6,-7535.0,-3875.0,4069.0,-38.1104,24.5728,-25.3662
STATIC_6,6,-7519.0,-3867.0,4079.0,-38.1348,24.5728,-25.415
STATIC_6,6,-7505.0,-3878.0,4059.0,-38.0615,24.646,-25.4883
STATIC_6,6,-7511.0,-3881.0,4051.0,-38.0371,24.4385,-25.3174
STATIC_6,6,-7499.0,-3898.0,4078.0,-37.9883,24.8413,-25.3418
STATIC_6,6,-7477.0,-3921.0,4035.0,-37.8662,24.8901,-25.3906
STATIC_6,6,-7469.0,-3915.0,4038.0,-37.8662,25.0488,-25.2441
STATIC_6,6,-7471.0,-3917.0,4077.0,-37.8906,25.1221,-25.1709
STATIC_6,6,-7473.0,-3911.0,4061.0,-37.8662,25.0488,-25.3174
STATIC_6,6,-7481.0,-3907.0,4047.0,-37.8662,25.0732,-25.1953
STATIC_6,6,-7473.0,-3922.0,4044.0,-37.8418,24.8657,-25.415
STATIC_6,6,-7476.0,-3921.0,4065.0,-37.8174,24.9023,-25.3906
STATIC_6,6,-7476.0,-3919.0,4049.0,-37.8418,24.8047,-25.4883
STATIC_6,6,-7462.0,-3922.0,4030.0,-37.8418,24.9146,-25.4883
STATIC_6,6,-7456.0,-3921.0,4024.0,-37.8174,24.7437,-25.4395
STATIC_6,6,-7458.0,-3922.0,4036.0,-37.8418,24.8413,-25.5127
STATIC_6,6,-7475.0,-3914.0,4033.0,-37.8174,24.6948,-25.4883
STATIC_6,6,-7469.0,-3918.0,4065.0,-37.8174,24.9146,-25.415
STATIC_6,6,-7472.0,-3925.0,4059.0,-37.8662,24.9756,-25.293
STATIC_6,6,-7467.0,-3923.0,4055.0,-37.8418,24.9756,-25.2197
STATIC_6,6,-7456.0,-3915.0,4059.0,-37.8418,24.9756,-25.3418
STATIC_6,6,-7455.0,-3914.0,4046.0,-37.8174,24.8779,-25.4639
STATIC_6,6,-7460.0,-3919.0,4085.0,-37.8418,25.0,-25.293
STATIC_6,6,-7469.0,-3919.0,4055.0,-37.8418,24.8291,-25.4395
STATIC_6,6,-7459.0,-3927.0,4066.0,-37.8662,25.0488,-25.2686
STATIC_6,6,-7467.0,-3920.0,4083.0,-37.8418,24.8535,-25.415
STATIC_6,6,-7467.0,-3916.0,4050.0,-37.8418,24.8779,-25.4395
STATIC_6,6,-7464.0,-3926.0,4073.0,-37.8174,24.8169,-25.4883
STATIC_6,6,-7462.0,-3927.0,4090.0,-37.8174,24.8657,-25.415
STATIC_6,6,-7472.0,-3931.0,4066.0,-37.8418,24.8169,-25.5127
STATIC_6,6,-7483.0,-3926.0,4053.0,-37.8174,24.8779,-25.3906
STATIC_6,6,-7472.0,-3943.0,4056.0,-37.8418,24.8535,-25.5371
STATIC_6,6,-7481.0,-3929.0,4068.0,-37.8418,24.7803,-25.4639
STATIC_6,6,-7474.0,-3933.0,4041.0,-37.793,24.7681,-25.4395
STATIC_6,6,-7487.0,-3922.0,4068.0,-37.8662,25.0732,-25.2197
STATIC_6,6,-7485.0,-3929.0,4068.0,-37.8418,24.9146,-25.3662
STATIC_6,6,-7467.0,-3920.0,4071.0,-37.8418,25.0,-25.2441
STATIC_6,6,-7489.0,-3909.0,4083.0,-37.8418,24.7559,-25.415
STATIC_6,6,-7473.0,-3942.0,4039.0,-37.8174,24.9146,-25.4395
STATIC_6,6,-7477.0,-3936.0,4054.0,-37.8174,24.8779,-25.3662
STATIC_6,6,-7486.0,-3928.0,4050.0,-37.8662,24.8901,-25.3662
STATIC_6,6,-7495.0,-3924.0,4053.0,-37.8418,24.8413,-25.4639
STATIC_6,6,-7486.0,-3920.0,4039.0,-37.8418,24.8535,-25.3906
STATIC_6,6,-7473.0,-3931.0,4058.0,-37.8418,24.8535,-25.4639
STATIC_6,6,-7482.0,-3916.0,4062.0,-37.793,24.9023,-25.3906
STATIC_6,6,-7468.0,-3921.0,4052.0,-37.8174,24.8901,-25.4395
STATIC_6,6,-7475.0,-3926.0,4043.0,-37.8174,24.7925,-25.4639
STATIC_6,6,-7480.0,-3914.0,4063.0,-37.8418,24.9023,-25.415
STATIC_6,6,-7484.0,-3918.0,4054.0,-37.8418,24.7437,-25.4395
STATIC_6,6,-7473.0,-3919.0,4038.0,-37.8418,25.0,-25.2197
STATIC_6,6,-7484.0,-3907.0,4058.0,-37.8174,24.9023,-25.415
STATIC_6,6,-7474.0,-3913.0,4072.0,-37.8662,25.0488,-25.2197
STATIC_6,6,-7466.0,-3920.0,4073.0,-37.8174,24.8413,-25.4639
STATIC_6,6,-7477.0,-3911.0,4062.0,-37.8662,25.0244,-25.2197
STATIC_6,6,-7467.0,-3914.0,4049.0,-37.8662,24.8291,-25.4395
STATIC_6,6,-7467.0,-3915.0,4061.0,-37.8662,25.1465,-25.1465
STATIC_6,6,-7480.0,-3929.0,4049.0,-37.8418,24.8657,-25.415
STATIC_6,6,-7467.0,-3926.0,4043.0,-37.8174,24.8535,-25.4639
STATIC_6,6,-7468.0,-3925.0,4023.0,-37.8418,24.8291,-25.4639
STATIC_6,6,-7467.0,-3909.0,4039.0,-37.8418,24.8901,-25.4639
STATIC_6,6,-7468.0,-3919.0,4054.0,-37.8418,24.7925,-25.4639
STATIC_6,6,-7458.0,-3915.0,4045.0,-37.8418,24.9268,-25.4639
STATIC_6,6,-7485.0,-3920.0,4074.0,-37.8174,24.8535,-25.415
STATIC_6,6,-7477.0,-3914.0,4069.0,-37.8418,24.9023,-25.415
STATIC_6,6,-7473.0,-3923.0,4063.0,-37.8418,24.9023,-25.3662
STATIC_6,6,-7460.0,-3921.0,4059.0,-37.8906,25.0732,-25.2686
STATIC_6,6,-7478.0,-3917.0,4063.0,-37.8418,24.8047,-25.4639
STATIC_6,6,-7473.0,-3906.0,4088.0,-37.8662,25.0732,-25.1953
STATIC_6,6,-7480.0,-3912.0,4055.0,-37.8662,24.9634,-25.415
STATIC_7,7,-2697.0,-5173.0,3992.0,-11.0718,33.8867,-28.6133
STATIC_7,7,-2696.0,-5144.0,3981.0,-11.0474,33.9355,-28.6377
STATIC_7,7,-2675.0,-5153.0,3986.0,-11.0474,33.9111,-28.5645
STATIC_7,7,-2671.0,-5152.0,4027.0,-11.0596,33.9355,-28.6133
STATIC_7,7,-2685.0,-5144.0,4011.0,-11.0291,33.7402,-28.833
STATIC_7,7,-2681.0,-5148.0,4002.0,-11.0229,33.8379,-28.7354
STATIC_7,7,-2685.0,-5150.0,3982.0,-11.0291,33.7891,-28.7598
STATIC_7,7,-2678.0,-5165.0,3993.0,-11.0046,33.8135,-28.7598
STATIC_7,7,-2683.0,-5157.0,3995.0,-11.0413,33.8623,-28.7354
STATIC_7,7,-2673.0,-5153.0,4004.0,-10.9863,33.8379,-28.7842
STATIC_7,7,-2683.0,-5168.0,4000.0,-11.0352,33.8135,-28.7354
STATIC_7,7,-2679.0,-5142.0,3977.0,-11.0413,33.8379,-28.7354
STATIC_7,7,-2681.0,-5165.0,3969.0,-11.0535,34.0088,-28.6377
STATIC_7,7,-2680.0,-5145.0,4001.0,-11.0291,33.8379,-28.7354
STATIC_7,7,-2686.0,-5147.0,3987.0,-11.0596,33.96,-28.5645
STATIC_7,7,-2687.0,-5159.0,3993.0,-11.0229,33.8623,-28.7354
STATIC_7,7,-2691.0,-5154.0,4005.0,-11.0779,34.0332,-28.5156
STATIC_7,7,-2672.0,-5166.0,3978.0,-11.0413,33.8623,-28.7109
STATIC_7,7,-2681.0,-5167.0,3978.0,-11.0596,34.0088,-28.5156
STATIC_7,7,-2678.0,-5160.0,4011.0,-11.0107,33.7646,-28.7598
STATIC_7,7,-2688.0,-5170.0,4007.0,-11.0107,33.8379,-28.7354
STATIC_7,7,-2687.0,-5163.0,4011.0,-11.0168,33.7891,-28.7109
STATIC_7,7,-2673.0,-5162.0,3986.0,-11.0352,33.8379,-28.6865
STATIC_7,7,-2684.0,-5153.0,4000.0,-11.0168,33.7646,-28.7842
STATIC_7,7,-2689.0,-5164.0,4011.0,-11.0352,33.8867,-28.6865
STATIC_7,7,-2673.0,-5159.0,4004.0,-11.0229,33.8135,-28.7598
STATIC_7,7,-2696.0,-5150.0,4018.0,-11.0168,33.7891,-28.7598
STATIC_7,7,-2685.0,-5155.0,3976.0,-11.0046,33.8379,-28.6865
STATIC_7,7,-2690.0,-5157.0,3994.0,-11.0168,33.9111,-28.7354
STATIC_7,7,-2678.0,-5165.0,3985.0,-11.0474,34.0088,-28.5156
STATIC_7,7,-2677.0,-5158.0,3972.0,-11.0291,33.9355,-28.6377
STATIC_7,7,-2683.0,-5139.0,4005.0,-11.0413,34.0088,-28.5889
STATIC_7,7,-2664.0,-5141.0,4008.0,-11.0168,33.8867,-28.6865
STATIC_7,7,-2669.0,-5158.0,3997.0,-11.0291,34.0332,-28.5156
STATIC_7,7,-2687.0,-5162.0,3988.0,-10.9863,33.8623,-28.7354
STATIC_7,7,-2682.0,-5157.0,3969.0,-11.0229,33.8623,-28.6865
STATIC_7,7,-2679.0,-5164.0,3982.0,-11.0107,33.8623,-28.7109
STATIC_7,7,-2676.0,-5160.0,3993.0,-10.9802,33.8135,-28.7354
STATIC_7,7,-2692.0,-5150.0,3996.0,-11.0107,33.8867,-28.7109
STATIC_7,7,-2688.0,-5144.0,4010.0,-10.9985,33.8867,-28.7109
STATIC_7,7,-2693.0,-5158.0,4012.0,-10.9985,33.8135,-28.7598
STATIC_7,7,-2672.0,-5171.0,3998.0,-11.0291,33.9111,-28.6865
STATIC_7,7,-2678.0,-5169.0,3978.0,-10.9802,33.8623,-28.7598
STATIC_7,7,-2679.0,-5171.0,3980.0,-11.0168,34.0576,-28.4912
STATIC_7,7,-2683.0,-5160.0,3987.0,-11.0046,33.8867,-28.7354
STATIC_7,7,-2682.0,-5173.0,3971.0,-11.0229,34.0088,-28.6377
STATIC_7,7,-2679.0,-5149.0,3985.0,-11.0046,33.8623,-28.7109
STATIC_7,7,-2687.0,-5155.0,3967.0,-11.0107,34.082,-28.5889
STATIC_7,7,-2673.0,-5173.0,4000.0,-11.0107,34.0088,-28.54
STATIC_7,7,-2682.0,-5142.0,3983.0,-11.0291,34.0332,-28.5645
STATIC_7,7,-2680.0,-5154.0,3992.0,-10.9802,33.8867,-28.7598
STATIC_8,8,1510.0,-2939.0,4231.0,14.502,22.2656,-32.6416
STATIC_8,8,1511.0,-2943.0,4254.0,14.4653,22.3145,-32.7393
STATIC_8,8,1513.0,-2963.0,4244.0,14.4897,22.2046,-32.6172
STATIC_8,8,1535.0,-2966.0,4265.0,14.5142,22.3022,-32.6904
STATIC_8,8,1534.0,-2958.0,4258.0,14.4653,22.2534,-32.6416
STATIC_8,8,1517.0,-2955.0,4259.0,14.4653,22.2656,-32.6416
STATIC_8,8,1520.0,-2948.0,4253.0,14.5142,22.2046,-32.6416
STATIC_8,8,1512.0,-2943.0,4253.0,14.4897,22.229,-32.7148
STATIC_8,8,1524.0,-2965.0,4236.0,14.4775,22.3877,-32.5684
STATIC_8,8,1534.0,-2946.0,4235.0,14.4775,22.3145,-32.5439
STATIC_8,8,1531.0,-2939.0,4257.0,14.4653,22.3877,-32.5439
STATIC_8,8,1537.0,-2941.0,4268.0,14.4775,22.29,-32.5928
STATIC_8,8,1520.0,-2941.0,4280.0,14.4897,22.229,-32.666
STATIC_8,8,1531.0,-2949.0,4244.0,14.4409,22.4487,-32.4707
STATIC_8,8,1518.0,-2949.0,4245.0,14.4897,22.2656,-32.6904
STATIC_8,8,1502.0,-2941.0,4228.0,14.4653,22.229,-32.6416
STATIC_8,8,1532.0,-2941.0,4268.0,14.502,22.2534,-32.666
STATIC_8,8,1519.0,-2951.0,4267.0,14.4775,22.2778,-32.6904
STATIC_8,8,1523.0,-2946.0,4284.0,14.4653,22.3267,-32.6172
STATIC_8,8,1547.0,-2928.0,4262.0,14.4775,22.3022,-32.6904
STATIC_8,8,1530.0,-2948.0,4256.0,14.4653,22.2656,-32.666
STATIC_8,8,1515.0,-2945.0,4305.0,14.5142,22.2778,-32.6416
STATIC_8,8,1525.0,-2954.0,4287.0,14.502,22.3145,-32.6416
STATIC_8,8,1503.0,-2953.0,4271.0,14.4531,22.4365,-32.4463
STATIC_8,8,1516.0,-2941.0,4271.0,14.502,22.2412,-32.7148
STATIC_8,8,1502.0,-2953.0,4268.0,14.4531,22.4487,-32.4707
STATIC_8,8,1516.0,-2961.0,4265.0,14.4897,22.2534,-32.7148
STATIC_8,8,1515.0,-2961.0,4260.0,14.4775,22.4243,-32.5195
STATIC_8,8,1525.0,-2940.0,4275.0,14.4653,22.2046,-32.6904
STATIC_8,8,1514.0,-2950.0,4272.0,14.4775,22.4609,-32.5195
STATIC_8,8,1537.0,-2942.0,4230.0,14.4897,22.2046,-32.7637
STATIC_8,8,1534.0,-2951.0,4262.0,14.4653,22.29,-32.6416
STATIC_8,8,1531.0,-2946.0,4276.0,14.502,22.2656,-32.7148
STATIC_8,8,1515.0,-2938.0,4238.0,14.5264,22.2534,-32.6904
STATIC_8,8,1516.0,-2958.0,4264.0,14.4775,22.2656,-32.6904
STATIC_8,8,1521.0,-2951.0,4260.0,14.4897,22.3145,-32.6904
STATIC_8,8,1530.0,-2943.0,4237.0,14.4531,22.3145,-32.6416
STATIC_8,8,1529.0,-2943.0,4260.0,14.4653,22.3022,-32.7148
STATIC_8,8,1502.0,-2933.0,4236.0,14.4531,22.3022,-32.6904
STATIC_8,8,1522.0,-2949.0,4257.0,14.4409,22.3999,-32.5439
STATIC_8,8,1520.0,-2951.0,4295.0,14.4897,22.2168,-32.7393
STATIC_8,8,1536.0,-2933.0,4275.0,14.4409,22.3511,-32.5928
STATIC_8,8,1522.0,-2935.0,4266.0,14.4409,22.4365,-32.4707
STATIC_8,8,1530.0,-2922.0,4249.0,14.4409,22.3511,-32.6904
STATIC_8,8,1529.0,-2929.0,4261.0,14.4165,22.4243,-32.4951
STATIC_8,8,1512.0,-2924.0,4295.0,14.4775,22.2168,-32.7637
STATIC_8,8,1517.0,-2948.0,4257.0,14.4653,22.2168,-32.7637
STATIC_8,8,1527.0,-2932.0,4265.0,14.4653,22.1802,-32.7637
STATIC_9,9,3339.0,1552.0,4198.0,25.6104,-3.85742,-32.1045
STATIC_9,9,3339.0,1557.0,4189.0,25.6104,-3.84521,-32.1533
STATIC_9,9,3329.0,1555.0,4206.0,25.5615,-4.01917,-32.1777
STATIC_9,9,3325.0,1551.0,4201.0,25.5615,-3.85437,-32.1533
STATIC_9,9,3329.0,1564.0,4194.0,25.5615,-3.97644,-32.1533
STATIC_9,9,3327.0,1546.0,4224.0,25.5615,-3.87878,-32.0801
STATIC_9,9,3331.0,1544.0,4218.0,25.5859,-3.87878,-32.1777
STATIC_9,9,3328.0,1565.0,4214.0,25.5615,-3.87573,-32.0557
STATIC_9,9,3339.0,1558.0,4218.0,25.5615,-3.71094,-31.958
STATIC_9,9,3338.0,1549.0,4236.0,25.5615,-3.91235,-32.1045
STATIC_9,9,3323.0,1565.0,4240.0,25.5127,-3.77197,-31.958
STATIC_9,9,3331.0,1559.0,4246.0,25.6104,-3.89709,-32.1533
STATIC_9,9,3335.0,1561.0,4230.0,25.5615,-3.85742,-31.9824
STATIC_9,9,3337.0,1552.0,4214.0,25.5615,-3.97034,-32.1777
STATIC_9,9,3333.0,1546.0,4206.0,25.5615,-3.7384,-31.9336
STATIC_9,9,3325.0,1556.0,4217.0,25.5615,-3.97034,-32.0801
STATIC_9,9,3309.0,1556.0,4219.0,25.6104,-3.91235,-32.1533
STATIC_9,9,3330.0,1551.0,4224.0,25.5615,-3.93677,-32.1289
STATIC_9,9,3335.0,1561.0,4230.0,25.5859,-3.91541,-32.1777
STATIC_9,9,3347.0,1547.0,4234.0,25.5859,-3.94287,-32.1777
STATIC_9,9,3349.0,1556.0,4217.0,25.5615,-3.93677,-32.1289
STATIC_9,9,3343.0,1567.0,4211.0,25.5859,-3.95508,-32.1533
STATIC_9,9,3331.0,1562.0,4183.0,25.5859,-3.97034,-32.2021
STATIC_9,9,3326.0,1557.0,4180.0,25.5615,-3.98254,-32.1289
STATIC_9,9,3327.0,1548.0,4204.0,25.5859,-3.87573,-32.2021
STATIC_9,9,3327.0,1545.0,4228.0,25.5371,-3.81775,-31.9336
STATIC_9,9,3314.0,1545.0,4219.0,25.5615,-3.89709,-32.0801
STATIC_9,9,3331.0,1552.0,4198.0,25.5615,-3.79639,-32.0068
STATIC_9,9,3325.0,1554.0,4222.0,25.5371,-3.90625,-32.1045
STATIC_9,9,3322.0,1538.0,4213.0,25.5615,-3.7384,-32.0068
STATIC_9,9,3300.0,1546.0,4206.0,25.5615,-3.93372,-32.1289
STATIC_9,9,3317.0,1542.0,4219.0,25.5859,-4.08936,-32.2266
STATIC_9,9,3324.0,1547.0,4194.0,25.5859,-3.91541,-32.1289
STATIC_9,9,3321.0,1546.0,4186.0,25.5615,-3.84827,-32.1533
STATIC_9,9,3330.0,1549.0,4204.0,25.5615,-3.92761,-32.1533
STATIC_9,9,3317.0,1545.0,4199.0,25.5859,-3.90625,-32.2021
STATIC_9,9,3312.0,1544.0,4193.0,25.5615,-3.95203,-32.1533
STATIC_9,9,3330.0,1551.0,4204.0,25.6104,-3.93677,-32.1777
STATIC_9,9,3318.0,1550.0,4199.0,25.5859,-3.94592,-32.1533
STATIC_9,9,3326.0,1553.0,4205.0,25.5615,-3.80859,-32.0557
STATIC_9,9,3323.0,1545.0,4214.0,25.5859,-3.93372,-32.2021
STATIC_9,9,3318.0,1542.0,4221.0,25.5371,-3.86963,-32.0068
STATIC_9,9,3319.0,1537.0,4224.0,25.5615,-3.79944,-32.0312
STATIC_9,9,3303.0,1556.0,4233.0,25.5615,-3.79028,-32.0312
STATIC_9,9,3317.0,1558.0,4217.0,25.5615,-3.8147,-31.958
STATIC_9,9,3340.0,1554.0,4207.0,25.5371,-3.74146,-32.0312
STATIC_9,9,3327.0,1563.0,4221.0,25.6104,-3.92761,-32.1289
STATIC_9,9,3319.0,1554.0,4228.0,25.5615,-3.86963,-32.1045
STATIC_9,9,3318.0,1555.0,4222.0,25.5859,-3.91235,-32.1533
STATIC_9,9,3323.0,1553.0,4189.0,25.5859,-3.9032,-32.0801
STATIC_9,9,3310.0,1554.0,4208.0,25.5859,-3.92151,-32.1533
STATIC_9,9,3326.0,1559.0,4211.0,25.5859,-3.84827,-32.1533
STATIC_9,9,3313.0,1542.0,4226.0,25.5615,-3.89709,-32.1045
STATIC_9,9,3300.0,1556.0,4204.0,25.5859,-3.89099,-32.1289
STATIC_9,9,3322.0,1548.0,4179.0,25.5127,-3.70789,-31.8848
STATIC_9,9,3324.0,1549.0,4185.0,25.5859,-3.91541,-32.1289
STATIC_9,9,3323.0,1569.0,4216.0,25.5371,-3.71094,-31.958
STATIC_9,9,3323.0,1560.0,4201.0,25.5615,-3.92151,-32.1045
STATIC_9,9,3310.0,1554.0,4183.0,25.5615,-3.67126,-31.9824
STATIC_9,9,3317.0,1563.0,4214.0,25.5615,-4.01001,-32.1289
STATIC_9,9,3310.0,1575.0,4186.0,25.5859,-3.74146,-31.958
